縣市,行政區,海拔,露營地,網址
苗栗縣,泰安鄉,海拔750,泰安王子小豬仔露營區,/store/wts372
新竹縣,尖石鄉,海拔700,閣馬雅農場,/store/gmy586
新竹縣,尖石鄉,海拔390,谷漢露營區,/store/gh430
苗栗縣,泰安鄉,海拔1200,逢雲露營區,/store/fy374
苗栗縣,泰安鄉,海拔680,五鄰休閒露營區,/store/wlxj197
南投縣,魚池鄉,海拔600,香茶樹,/store/scs677
苗栗縣,泰安鄉,海拔780,的貴露營區,/store/dg535
台中市,北屯區,海拔500,三山來此,/store/sslt665
苗栗縣,泰安鄉,海拔740,桂竹柿家,/store/gjsj718
苗栗縣,大湖鄉,海拔410,迎客山,/store/yks700
新竹縣,五峰鄉,海拔1080,嘉揚露營區,/store/jy296
新竹縣,五峰鄉,海拔700,蓪草花園營地,/store/tthy407
南投縣,國姓鄉,海拔736,雲享清峰,/store/yscf241
苗栗縣,泰安鄉,海拔710,水之悅休閒露營區,/store/sjy583
桃園市,復興區,海拔950,歐陽莊園,/store/oyj511
嘉義縣,番路鄉,海拔800,草地兄弟,/store/tdsd753
新竹縣,五峰鄉,海拔1300,天山農場,/store/tsnc613
苗栗縣,泰安鄉,海拔820,快樂露營區,/store/hap489
南投縣,仁愛鄉,海拔1200,廬山日記,/store/rct597
宜蘭縣,冬山鄉,海拔50,石頭屋蝴蝶農場,/store/stw765
苗栗縣,南庄鄉,海拔950,德佬露營區,/store/dl670
桃園市,復興區,海拔710,嘎色鬧露營區,/store/gsn318
新竹縣,尖石鄉,海拔700,喜樂露營區,/store/xl164
苗栗縣,泰安鄉,海拔640,象之旅露營區,/store/sjl366
苗栗縣,公館鄉,海拔500,開礦露營區,/store/kk626
台東縣,長濱鄉,海拔10,巴歌浪藝術園區,/store/bglcwmx132
南投縣,埔里鎮,海拔530,綠舍潭果露營區,/store/rstg497
桃園市,復興區,海拔570,利河伯休閒農園露營區,/store/lhb438
桃園市,復興區,海拔290,鑫園馬告露營區,/store/symk327
南投縣,國姓鄉,海拔300,喜樂福,/store/slf762
苗栗縣,泰安鄉,海拔660,思穀汗Skuhan休閒露營區,/store/skh096
苗栗縣,泰安鄉,海拔670,瑪亞鸞露營區,/store/myl058
新竹縣,五峰鄉,海拔1120,牧羊小豆子,/store/myxdz194
新竹縣,橫山鄉,海拔620,一沐露營區,/store/ym699
南投縣,國姓鄉,海拔330,友樹溪露營區,/store/yss658
苗栗縣,泰安鄉,海拔600,永遠露宿,/store/yyls758
桃園市,復興區,海拔830,夏蝶冬櫻山谷園地-保羅先生,/store/ctdy388
苗栗縣,南庄鄉,海拔500,南庄哈洛客露營區,/store/hro382
桃園市,復興區,海拔560,米利漾,/store/mly712
苗栗縣,泰安鄉,海拔650,部落傳奇露營區,/store/blcc523
新竹縣,關西鎮,海拔300,小途溪伴,/store/stsb651
新竹縣,五峰鄉,海拔780,花湖美地,/store/hhmd290
新竹縣,五峰鄉,海拔950,巴萬五峰,/store/bwwf655
苗栗縣,泰安鄉,海拔910,好地方露營區,/store/hdf463
苗栗縣,公館鄉,海拔240,芳樺園,/store/fhy502
桃園市,復興區,海拔1400,北戶露營區,/store/bh679
新竹縣,五峰鄉,海拔1280,星空夜語,/store/skyy668
南投縣,埔里鎮,海拔580,遇見東平莊園,/store/yjdp460
桃園市,復興區,海拔670,角板山露營區,/store/jbs738
新竹縣,五峰鄉,海拔1600,戀上瓜麗,/store/lsgl735
苗栗縣,公館鄉,海拔500,日旺休閒露營區,/store/rwss233
南投縣,埔里鎮,海拔500,星夢露營區,/store/sm756
南投縣,埔里鎮,海拔450,宸羽坊衫,/store/cyfs732
苗栗縣,泰安鄉,海拔1050,一定行露營區,/store/yds722
南投縣,魚池鄉,海拔550,青綠園,/store/qly227
嘉義縣,水上鄉,海拔30,美淞露營地,/store/ms685
南投縣,仁愛鄉,海拔420,溪寶梅園,/store/sbmy496
南投縣,埔里鎮,海拔540,童心園,/store/ty650
新竹縣,五峰鄉,海拔1200,悅光綠境,/store/yglj598
苗栗縣,泰安鄉,海拔680,原始原味,/store/ysyw261
桃園市,復興區,海拔959,得拉互,/store/dlh279
南投縣,埔里鎮,海拔650,露宿,/store/Ls619
苗栗縣,泰安鄉,海拔1190,莎酷菈露營區,/store/skl428
南投縣,仁愛鄉,海拔520,伴天聊露營地,/store/btl023
苗栗縣,泰安鄉,海拔1000,烏嘎彥露營區,/store/wgy556
苗栗縣,南庄鄉,海拔1150,慕木露營區,/store/mm733
苗栗縣,泰安鄉,海拔760,好自在露營區,/store/hzz108
苗栗縣,公館鄉,海拔530,樂活露營區,/store/lh708
苗栗縣,泰安鄉,海拔1240,司馬限山嵐,/store/smsl498
新竹縣,五峰鄉,海拔1100,天景露營區,/store/tj415
新竹縣,五峰鄉,海拔1030,露露米露營區,/store/llm115
南投縣,仁愛鄉,海拔570,中原秘境,/store/jymj659
苗栗縣,泰安鄉,海拔950,云心園,/store/ysy646
新北市,烏來區,海拔410,福山達卡露營區,/store/fsdk635
新竹縣,關西鎮,海拔280,斯摩亞營地,/store/smy526
南投縣,仁愛鄉,海拔520,大塊森林,/store/dks480
南投縣,仁愛鄉,海拔400,森德磊安,/store/sdla694
嘉義縣,番路鄉,海拔450,美栗民宿露營區,/store/ml527
高雄市,美濃區,海拔40,美濃客家庄,/store/mnkjj698
南投縣,埔里鎮,海拔620,幸埔森農場,/store/hps368
苗栗縣,三灣鄉,海拔90,三灣水漾森林露營區,/store/sysl389
新竹縣,關西鎮,海拔270,馬武督露營趣,/store/mwd130
嘉義縣,水上鄉,海拔90,吉恩典山丘,/store/jed746
南投縣,埔里鎮,海拔520,玫花露露營區,/store/mhl629
苗栗縣,泰安鄉,海拔630,尤法艾露營區,/store/yfa740
新竹縣,尖石鄉,海拔1100,山野悠活的熊山露營區,/store/syyh585
新竹縣,北埔鄉,海拔400,旅人山泉農場,/store/lrsc573
台中市,北屯區,海拔NaN,愛露營商店,/store/8888888888
桃園市,復興區,海拔1500,尹宿納,/store/ysn647
新竹縣,五峰鄉,海拔870,有你真好阿嬌,/store/ynja537
苗栗縣,泰安鄉,海拔800,露也楓情露營區,/store/lyfc017
桃園市,復興區,海拔400,和平橋露營區,/store/hpc576
新竹縣,尖石鄉,海拔1630,司馬庫斯舊部落營地,/store/smks369
宜蘭縣,冬山鄉,海拔100,舊寮之心,/store/jljs500
苗栗縣,獅潭鄉,海拔210,山田露營區,/store/st661
桃園市,復興區,海拔1400,古渡園地,/store/gd604
新竹縣,五峰鄉,海拔1060,杉嵐營地,/store/sr348
新竹縣,北埔鄉,海拔310,大湖山林,/store/dhs569
南投縣,信義鄉,海拔900,阿里曼山莊,/store/alm747
苗栗縣,泰安鄉,海拔1100,按個讚露營區,/store/agz684
苗栗縣,泰安鄉,海拔680,尤巴斯露營區,/store/ybs196
苗栗縣,泰安鄉,海拔560,一線天,/store/yxt199
苗栗縣,西湖鄉,海拔200,西湖祕密花園露營區,/store/xhmmhy093
新竹縣,關西鎮,海拔320,星墅露營窩,/store/xs151
苗栗縣,泰安鄉,海拔850,雲境露營區,/store/yj123
新竹縣,五峰鄉,海拔800,愛上比來,/store/asbr344
苗栗縣,泰安鄉,海拔730,紫逸露營區,/store/zy759
嘉義縣,阿里山鄉,海拔1300,阿里山 迷糊露營區,/store/alsmh117
苗栗縣,泰安鄉,海拔750,云仙谷休閒露營區,/store/yxgxj204
新竹縣,尖石鄉,海拔620,航道休閒露營區,/store/hd175
苗栗縣,南庄鄉,海拔660,司焉慕,/store/sym565
新竹縣,五峰鄉,海拔1140,雲頂天湖露營區,/store/ydth508
苗栗縣,泰安鄉,海拔830,日光角落,/store/rgjl709
新竹縣,五峰鄉,海拔870,斯卡嵐慕,/store/sklm538
桃園市,復興區,海拔850,飛督努露營區,/store/fdn371
南投縣,國姓鄉,海拔780,小豬迷露,/store/hcm466
桃園市,復興區,海拔1480,熊居露營趣,/store/xj361
南投縣,鹿谷鄉,海拔350,亨宿露營區,/store/hhs251
南投縣,國姓鄉,海拔370,金青松露營區,/store/jcs324
新竹縣,關西鎮,海拔330,微居解秘,/store/wjm594
苗栗縣,泰安鄉,海拔1000,烏客藍露營區,/store/wkl744
新竹縣,尖石鄉,海拔1610,司馬庫斯拉娃露營區,/store/lw714
桃園市,復興區,海拔650,蜻蜓露營區-嘎色鬧,/store/qtgsn148
台中市,和平區,海拔820,谷關365露營區,/store/gk444
南投縣,鹿谷鄉,海拔700,白雲朵朵,/store/bydd687
苗栗縣,南庄鄉,海拔900,鹿場綠地,/store/lcld696
新竹縣,五峰鄉,海拔1160,格步霧露營區,/store/gbw129
南投縣,魚池鄉,海拔570,仙聞露營區,/store/sw477
苗栗縣,南庄鄉,海拔900,巴卡的天空,/store/bkdtk079
苗栗縣,南庄鄉,海拔1185,轉個彎露營區,/store/jgw475
苗栗縣,泰安鄉,海拔700,南灣蹓蹓,/store/nwll501
高雄市,桃源區,海拔500,鳳之凰露營區,/store/fzh760
南投縣,仁愛鄉,海拔720,迦南之地,/store/jajd590
新竹縣,尖石鄉,海拔770,Mspat露營區,/store/ms737
新竹縣,尖石鄉,海拔800,清悠忘我露營區,/store/cyw362
桃園市,復興區,海拔770,那結山露營區,/store/njs321
苗栗縣,南庄鄉,海拔200,南庄 鳳凰谷,/store/nzfhg119
新竹縣,五峰鄉,海拔630,大東田露營區,/store/ddt267
苗栗縣,南庄鄉,海拔900,愛玉露營區,/store/ay725
南投縣,仁愛鄉,海拔1314,山林好蒔光,/store/slhsg514
高雄市,六龜區,海拔390,快樂熊露營區,/store/kls610
桃園市,蘆竹區,海拔140,桃蘆坑生態農場,/store/tlk473
南投縣,仁愛鄉,海拔450,161森林,/store/sl592
苗栗縣,泰安鄉,海拔750,綠野雲仙露營區,/store/lyyx075
苗栗縣,泰安鄉,海拔730,耀婆山露營區,/store/yps202
南投縣,國姓鄉,海拔300,漾嵐山庄,/store/ylsc254
南投縣,仁愛鄉,海拔1500,採茶媽媽露營區,/store/tcm657
苗栗縣,泰安鄉,海拔710,麥露瘋露營區,/store/mlf552
新竹縣,五峰鄉,海拔800,桃喜悠境休閒莊園,/store/tsyj743
南投縣,中寮鄉,海拔510,潺潺森活,/store/ccsh303
宜蘭縣,三星鄉,海拔220,山谷星空露營區,/store/sgsk386
苗栗縣,南庄鄉,海拔900,喝納灣,/store/hnw713
台中市,和平區,海拔790,松鶴唐麻丹,/store/shtmt258
桃園市,復興區,海拔1430,戀戀雅渡農場,/store/yd300
苗栗縣,泰安鄉,海拔720,悠然之地,/store/yrjd739
苗栗縣,南庄鄉,海拔260,南庄河畔露營區,/store/njhp398
新北市,平溪區,海拔200,十分自然露營區,/store/sfzr218
苗栗縣,大湖鄉,海拔550,大南之美露營區,/store/dnjm469
南投縣,集集鎮,海拔330,集元果觀光工廠露營區,/store/jyg364
苗栗縣,三灣,海拔100,斑比跳跳 頂級豪華露營訂位,/store/glamping900
苗栗縣,獅潭鄉,海拔280,橘園山谷,/store/jysg719
新竹縣,五峰鄉,海拔630,雅娜營地,/store/yn711
高雄市,桃源區,海拔1330,好望角,/store/hwj683
苗栗縣,泰安鄉,海拔1250,阿水泊露營區,/store/asb539
苗栗縣,泰安鄉,海拔700,老古董民宿露營區,/store/lkt266
南投縣,魚池鄉,海拔560,入森林. 露森林,/store/rsl167
南投縣,埔里鎮,海拔520,麒麟岩臼苑,/store/cly589
新竹縣,五峰鄉,海拔1000,布魯的家,/store/0937155954
南投縣,埔里鎮,海拔730,森露其境渡假村,/store/slcj570
苗栗縣,泰安鄉,海拔1000,布耶特景觀營地,/store/0912007883
新竹縣,五峰鄉,海拔1110,山的那一邊,/store/sdny431
花蓮縣,光復鄉,海拔200,納格林野營,/store/ngl671
新竹縣,五峰鄉,海拔1050,尤巴士露營區,/store/ybs067
宜蘭縣,冬山鄉,海拔55,又想露營趣,/store/ys493
苗栗縣,公館鄉,海拔300,再露營,/store/zly676
新竹縣,五峰鄉,海拔920,楓櫻杉林,/store/fys299
苗栗縣,大湖鄉,海拔360,花香果樂,/store/hsgl681
桃園市,復興區,海拔1050,露薩休閒露營區,/store/lsxj166
台中市,和平區,海拔650,晨融家筑,/store/crjj630
新竹縣,峨眉鄉,海拔100,靜月居,/store/jyj506
新竹縣,五峰鄉,海拔920,鐵露局露營區,/store/tlj057
苗栗縣,泰安鄉,海拔800,遊牧民族露營區,/store/ymmz011
新竹縣,五峰鄉,海拔730,高山寨露營區,/store/gsz149
新竹縣,尖石鄉,海拔660,明當家園,/store/mdjy406
苗栗縣,南庄鄉,海拔1100,金達鹿,/store/jdl591
新竹縣,關西鎮,海拔270,生活原鄉,/store/shys692
新竹縣,五峰鄉,海拔700,舞之海露營區,/store/wjh755
新竹縣,尖石鄉,海拔680,閑情園,/store/xqy091
苗栗縣,泰安鄉,海拔1230,明瓦南露營區,/store/mwn461
苗栗縣,泰安鄉,海拔800,高熊卡露營區,/store/gsk013
南投縣,魚池鄉,海拔650,蹦米香三合院露營區,/store/bms706
新竹縣,五峰鄉,海拔1150,靜觀露營區,/store/jg150
苗栗縣,泰安鄉,海拔700,伊紹露營區,/store/ys530
苗栗縣,泰安鄉,海拔750,芬享露營區,/store/fs009
南投縣,國姓鄉,海拔970,九份二山連興露營區,/store/jfeslx158
南投縣,仁愛鄉,海拔760,星空谷露營地,/store/xkg135
新竹縣,關西鎮,海拔300,石福山莊,/store/sfsj727
新竹縣,五峰鄉,海拔800,梅后蔓瀑布露營區,/store/mhm716
苗栗縣,南庄鄉,海拔1370,吻吻露營區,/store/ww632
南投縣,仁愛鄉,海拔1300,非比露營區,/store/ph643
桃園市,復興區,海拔700,樂見山,/store/ljs761
宜蘭縣,礁溪鄉,海拔270,無憂花露營區,/store/wyh450
南投縣,中寮鄉,海拔300,慕名而來,/store/mmel770
桃園市,復興區,海拔1400,清清露營區,/store/qqlyq111
台中市,大雅區,海拔135,小熊寶貝麥鄉農村,/store/ssbb452
南投縣,信義鄉,海拔550,石方緣,/store/sfy750
新竹縣,五峰鄉,海拔330,仙湖露營區,/store/sh289
新竹縣,五峰鄉,海拔1250,巴斯瓜藍露營區,/store/bsgr301
苗栗縣,三義鄉,海拔300,龍騰讚露營趣,/store/ltz353
台中市,和平區,海拔620,石壁露營區,/store/sb550
南投縣,魚池鄉,海拔650,波尼亞灣,/store/pnyw697
台中市,和平區,海拔1010,松風谷園區,/store/sfg345
苗栗縣,南庄鄉,海拔900,楓美露營區,/store/fm707
新竹縣,五峰鄉,海拔1500,竹鷹露營區,/store/jy703
苗栗縣,泰安鄉,海拔800,泰安哈尼,/store/tahn723
高雄市,桃源區,海拔510,Savi部落咖啡,/store/savi741
苗栗縣,泰安鄉,海拔500,樂沐絲司馬縱谷露營區,/store/lmss517
花蓮縣,豐濱鄉,海拔10,眺浪營地,/store/tl608
苗栗縣,卓蘭鎮,海拔560,10.5k露營區,/store/ten701
台中市,和平區,海拔660,ㄡ熊熊露營園地,/store/oss253
苗栗縣,泰安鄉,海拔889,ㄠ嶩民宿露營區,/store/an376
高雄市,桃源區,海拔1310,文家果園,/store/wjgy682
新竹縣,尖石鄉,海拔660,梅村露營區,/store/mt680
南投縣,信義鄉,海拔580,陌上冬梅露營區,/store/msdm417
苗栗縣,泰安鄉,海拔1200,武嵐露營區,/store/wl138
新竹縣,五峰鄉,海拔1140,星空下露營區,/store/sks032
苗栗縣,竹南鎮,海拔90,四方鮮乳休閒農場,/store/sf729
南投縣,仁愛鄉,海拔495,田心小營地,/store/ts584
新竹縣,峨眉鄉,海拔330,蔚嵐青青,/store/wlcc564
新北市,烏來區,海拔380,大羅蘭,/store/dll690
桃園市,復興區,海拔1500,桃子菇菇休閒農莊,/store/tzkk271
苗栗縣,頭屋鄉,海拔100,哞哞露營地,/store/mm720
新竹縣,五峰鄉,海拔660,鬼澤157,/store/gz678
南投縣,魚池鄉,海拔650,四心小草,/store/shht257
苗栗縣,泰安鄉,海拔670,原心小團露,/store/ys509
新竹縣,橫山鄉,海拔450,星月橫山,/store/syhs625
苗栗縣,泰安鄉,海拔800,楓李小棧,/store/flxz078
新竹縣,尖石鄉,海拔900,北得拉曼露營區,/store/bdlm027
南投縣,魚池鄉,海拔780,龍品園,/store/lpy278
台中市,新社區,海拔560,Momo佳園民宿,/store/momo459
南投縣,國姓鄉,海拔420,沙八渡假村,/store/sb559
桃園市,復興區,海拔570,爺亨溪岸,/store/yhsa287
苗栗縣,泰安鄉,海拔820,鷹的故鄉,/store/ydgx127
苗栗縣,泰安鄉,海拔950,逸視界露營區,/store/ysj474
南投縣,國姓鄉,海拔1100,樟湖山居民宿露營區,/store/jhsj602
新竹縣,尖石鄉,海拔710,愛喜露營區,/store/as734
苗栗縣,泰安鄉,海拔670,薆繞,/store/ar693
新竹縣,五峰鄉,海拔1200,老牛露營區,/store/lnlyq221
新竹縣,尖石鄉,海拔1000,豪祥露營區,/store/hs240
高雄市,桃源區,海拔1310,燿興山茶咖啡坊,/store/yssc771
台中市,和平區,海拔680,司卡尤納,/store/skyn763
宜蘭縣,礁溪鄉,海拔30,橘子園露營區,/store/jzy499
苗栗縣,泰安鄉,海拔670,象鼻休閒露營區,/store/sb531
高雄市,桃源區,海拔1100,愛莉絲森林露營區,/store/iris595
苗栗縣,泰安鄉,海拔630,沐嵐語露營區,/store/mly561
苗栗縣,泰安鄉,海拔1165,古道秘境露營區,/store/gdmj080
花蓮縣,秀林鄉,海拔400,佐倉高地,/store/ttgd471
宜蘭縣,頭城鎮,海拔410,鵲子山露營區,/store/czs636
南投縣,埔里鎮,海拔480,埔里紫月樹葡萄營地,/store/zys484
苗栗縣,泰安鄉,海拔750,美富安露營區,/store/mfa015
新竹縣,五峰鄉,海拔1200,阿貴營地,/store/ag574
新竹縣,尖石鄉,海拔490,彩虹喬露營區,/store/thc494
苗栗縣,泰安鄉,海拔700,瑪達法籟露營區,/store/mdfl041
桃園市,復興區,海拔700,高崗露營區,/store/kk724
台中市,和平區,海拔700,山上松亭,/store/ssst214
新竹縣,尖石鄉,海拔940,清心忘憂露營區,/store/cswy378
新竹縣,五峰鄉,海拔1230,巴棍杉林,/store/bgsl137
南投縣,國姓鄉,海拔500,雲的嘉露營區,/store/ydj555
南投縣,仁愛鄉,海拔1580,清翠露營區,/store/ct656
新竹縣,尖石鄉,海拔750,雪花的露營區,/store/xhdj102
苗栗縣,泰安鄉,海拔500,亞哇斯露營區,/store/yws062
新竹縣,尖石鄉,海拔1000,相思園露營區,/store/ssy487
南投縣,仁愛鄉,海拔820,夢谷伊優達雅露營區,/store/mgyu605
南投縣,埔里鎮,海拔470,綠野森林農場露營區,/store/lysl171
苗栗縣,獅潭鄉,海拔480,鹽水頭露營區,/store/yst399
桃園市,復興區,海拔430,山豬王露營區,/store/sjw549
台中市,和平區,海拔710,松鶴延年,/store/shyn642
台中市,和平區,海拔1120,照哥的家,/store/jgd381
苗栗縣,泰安鄉,海拔920,瑞娜京霖露營區,/store/rnjl752
宜蘭縣,大同鄉,海拔590,飛亞蘭露營區,/store/fyl472
苗栗縣,泰安鄉,海拔900,五隻小豬,/store/wjsj689
苗栗縣,泰安鄉,海拔650,阿麗露營區,/store/al198
桃園市,復興區,海拔320,鑫彩霞谷露營區,/store/stsg749
新竹縣,關西鎮,海拔300,石牛山露營區,/store/sns654
苗栗縣,泰安鄉,海拔880,山視界露營區,/store/ssj211
新竹縣,關西鎮,海拔240,營墅風晴露營區,/store/ysfc433
苗栗縣,通霄鎮,海拔120,山峰點伙露營區,/store/sfdh172
高雄市,六龜區,海拔350,彩虹森林露營區,/store/thsl751
高雄市,桃源區,海拔1300,晨月緣露營區,/store/cyy609
台中市,和平區,海拔700,哈露米露營區,/store/hlm024
新竹縣,尖石鄉,海拔700,迦得營地,/store/jd667
南投縣,仁愛鄉,海拔1200,露野森林,/store/rysl624
台中市,和平區,海拔700,裡冷溪探索園區,/store/llh553
桃園市,復興區,海拔560,HOLA露營區,/store/hola328
新竹縣,五峰鄉,海拔870,馬丘比丘露營區,/store/mcpc465
宜蘭縣,大同鄉,海拔260,Uwah露營區,/store/uwah383
南投縣,魚池鄕,海拔670,梢楠林民宿露營區,/store/snr557
南投縣,仁愛鄉,海拔1045,滿天馨露營區,/store/mtx203
新竹縣,尖石鄉,海拔1320,田埔露營地,/store/tp365
高雄市,桃源區,海拔1300,大學林,/store/dsl675
苗栗縣,獅潭鄉,海拔540,竹木村露營區,/store/jmc335
南投縣,國姓鄉,海拔1066,騰雲農莊,/store/tynj322
新竹縣,橫山鄉,海拔460,大山北月,/store/dsby330
宜蘭縣,員山鄉,海拔120,粗坑露營區,/store/tk664
南投縣,鹿谷鄉,海拔390,W.H窩,/store/whw405
苗栗縣,泰安鄉,海拔570,豐之優露營區,/store/fcy256
南投縣,水里鄉,海拔830,邊界,/store/bj695
苗栗縣,泰安鄉,海拔1320,雪松大砲露營區,/store/ssdp736
南投縣,草屯鎮,海拔400,森活家露營渡假山莊,/store/shj524
苗栗縣,泰安鄉,海拔630,上巴爺爺露營區,/store/sby488
南投縣,埔里鎮,海拔540,蔽月山房,/store/bysf401
南投縣,仁愛鄉,海拔510,快樂中原,/store/klcy304
桃園市,復興區,海拔1400,順花露營區,/store/sh648
苗栗縣,南庄鄉,海拔1030,法愛露營區,/store/fa757
南投縣,國姓鄉,海拔440,森之境露營區,/store/sjc395
台中市,和平區,海拔640,邦古河那彎,/store/bkhn528
台中市,新社區,海拔513,綠大地露營區,/store/ldd710
苗栗縣,泰安鄉,海拔1200,司馬限360度景觀,/store/smhck263
新竹縣,五峰鄉,海拔1100,飛仙居露營區,/store/fsj600
新竹縣,五峰鄉,海拔1080,天湖露營區,/store/th142
新竹縣,五峰鄉,海拔1240,巴棍民宿露營區,/store/bgmx086
桃園市,復興區,海拔1450,松野,/store/sy768
南投縣,仁愛鄉,海拔1300,日出藏雲,/store/rcty540
台中市,和平區,海拔1050,家霖農場,/store/jlnc715
台中市,東勢區,海拔330,夢鄉農場露營區,/store/mhnc367
苗栗縣,南庄鄉,海拔400,南庄星空玻璃屋露營區,/store/skbl754
苗栗縣,泰安鄉,海拔850,伊夕尚露營區,/store/yss392
苗栗縣,泰安鄉,海拔730,哈撒山莊,/store/hssj021
南投縣,魚池鄉,海拔580,合興休閒露營區,/store/hs490
南投縣,中寮鄉,海拔200,本之山露營區,/store/bjs588
苗栗縣,南庄鄉,海拔720,蘿菈松靜露營區,/store/llsj104
苗栗縣,卓蘭鎮,海拔430,緣野營客,/store/cyyk391
新竹縣,尖石鄉,海拔890,Payan露營區,/store/payan098
苗栗縣,泰安鄉,海拔900,洗水山露營區,/store/sss014
台中市,東勢區,海拔700,彩虹奇菁,/store/thcj288
新竹縣,五峰鄉,海拔550,一抹河,/store/ymh616
桃園市,復興區,海拔950,庫司景觀露營區,/store/kusu628
桃園市,復興區,海拔950,哇吶訕露營區,/store/wns437
新竹縣,五峰鄉,海拔1140,白蘭時光,/store/brsk291
南投縣,魚池鄉,海拔700,峰芢苑露營區,/store/fry412
南投縣,國姓鄉,海拔450,山林曉境露營區,/store/slsj396
新竹縣,五峰鄉,海拔1300,霞喀羅,/store/skl704
南投縣,魚池鄉,海拔700,森露快樂,/store/slkl653
南投縣,國姓鄉,海拔1000,高峰農場,/store/gfnc121
新竹縣,五峰鄉,海拔1070,馬雅竹軒,/store/myjs674
新竹縣,北埔鄉,海拔440,北埔星月天空露營區,/store/bpxytk095
嘉義縣,番路鄉,海拔700,三寶山露營區,/store/sbs618
南投縣,仁愛鄉,海拔1050,舒谷露營區,/store/sk644
桃園市,復興區,海拔914,比固花園,/store/bghy128
南投縣,仁愛鄉,海拔1200,史努櫻多肉果園,/store/sny767
高雄市,六龜區,海拔340,野獸休閒基地,/store/ys726
桃園市,復興區,海拔500,培雅境休閒露營區,/store/pyj059
嘉義縣,阿里山鄉,海拔1100,汪爸露營區,/store/wb085
新竹縣,北埔鄉,海拔100,穿山甲咖啡露營休閒莊園,/store/csj478
南投縣,魚池鄉,海拔570,樹樂露營區,/store/sl516
苗栗縣,獅潭鄉,海拔680,巧遇露營區,/store/qy182
桃園市,復興區,海拔1400,杉與山露營區,/store/sys748
新竹縣,橫山鄉,海拔560,大山背小曠野營地,/store/dsbs429
苗栗縣,卓蘭鎮,海拔550,桃花源,/store/thy766
桃園市,復興區,海拔400,木河谷,/store/mhk285
南投縣,埔里鎮,海拔750,埔里聽瀑森林營地,/store/pltbyd193
苗栗縣,泰安鄉,海拔540,友田坊,/store/ytf272
新竹縣,五峰鄉,海拔730,馬薩保耐露營區,/store/msbn673
南投縣,鹿谷鄉,海拔680,鳳凰山日出湖秘密基地,/store/fhs464
新竹縣,五峰鄉,海拔880,小米露營區,/store/sm234
苗栗縣,泰安鄉,海拔580,黃熊部落,/store/hxbl090
新竹縣,尖石鄉,海拔700,雲淡風清,/store/ydfc769
苗栗縣,泰安鄉,海拔900,星光山岳露營區,/store/sgsy040
苗栗縣,泰安鄉,海拔660,蘇彥露營區,/store/sy742
