region,county_name,campground_tag_ID,campground_ID,county_ID,camping_site_name,address,Tag,ref_keywords,tag_count
北區,台北市,657,435,1,中華民國童軍苗圃營地,台北市北投區竹子湖路1-10號,營地維護佳,維護｜整理｜清理,1
北區,台北市,658,435,1,中華民國童軍苗圃營地,台北市北投區竹子湖路1-10號,適合團體或家族出遊,童軍們｜童軍營,1
北區,台北市,659,435,1,中華民國童軍苗圃營地,台北市北投區竹子湖路1-10號,適合夏天,避暑,1
北區,台北市,1369,648,1,"客泊樂 Kamper Land",台北市中山區一段民生東路9樓29號,親子友善,小孩｜親子｜適合｜活動,1
北區,台北市,1370,648,1,"客泊樂 Kamper Land",台北市中山區一段民生東路9樓29號,服務態度佳,人員｜值得｜協助｜太太｜好評｜工作｜感謝｜提供｜服務｜親切｜營主用心經營(此TAG不存在，故不選取)｜細節,1
北區,台北市,2817,1074,1,碧山露營場,台北市內湖區碧山路26-6號,寵物友善,寵物,1
北區,台北市,2818,1074,1,碧山露營場,台北市內湖區碧山路26-6號,淋浴設備佳,淋浴,1
北區,台北市,2819,1074,1,碧山露營場,台北市內湖區碧山路26-6號,景觀漂亮,景觀｜風景,1
北區,台北市,2820,1074,1,碧山露營場,台北市內湖區碧山路26-6號,靠近市區,台北市｜市區,1
北區,台北市,2821,1074,1,碧山露營場,台北市內湖區碧山路26-6號,廁所整潔,乾淨｜廁所,1
北區,台北市,3218,1190,1,華中露營場,台北市萬華區萬大路底號華中河濱公園(左區,nan,nan,1
北區,台北市,3287,1215,1,"蟬說: 暖硫 Chanshuo Warm Flow Glamping",台北市士林區菁山路101巷71弄16號,服務態度佳,服務｜服務態度｜很棒,1
北區,台北市,3288,1215,1,"蟬說: 暖硫 Chanshuo Warm Flow Glamping",台北市士林區菁山路101巷71弄16號,景觀漂亮,很漂亮,1
北區,台北市,3289,1215,1,"蟬說: 暖硫 Chanshuo Warm Flow Glamping",台北市士林區菁山路101巷71弄16號,廁所整潔,乾淨｜廁所,1
北區,台北市,3290,1215,1,"蟬說: 暖硫 Chanshuo Warm Flow Glamping",台北市士林區菁山路101巷71弄16號,靠近市區,市中心,1
北區,台北市,3345,1237,1,貴子坑露營場,台北市北投區秀山路85巷80號,廁所整潔,乾淨｜廁所,1
北區,台北市,3346,1237,1,貴子坑露營場,台北市北投區秀山路85巷80號,插座充足,插座,1
北區,台北市,3664,1333,1,陽明山菁山遊憩區露營區,台北市士林區菁山路101巷71弄16號,廁所整潔,不錯｜乾淨｜廁所,1
北區,台北市,3665,1333,1,陽明山菁山遊憩區露營區,台北市士林區菁山路101巷71弄16號,服務態度佳,服務｜服務人員｜親切,1
北區,台北市,3666,1333,1,陽明山菁山遊憩區露營區,台北市士林區菁山路101巷71弄16號,生活機能便利,市區,1
北區,台北市,3789,1368,1,露營車出租(預約送到府)雙北,台北市大同區民生西路8樓432號,親子友善,小孩｜小朋友｜爸爸,1
北區,台北市,3790,1368,1,露營車出租(預約送到府)雙北,台北市大同區民生西路8樓432號,服務態度佳,仔細｜推薦｜推薦給｜提供｜方便｜服務｜很棒｜還會,1
北區,新北市,46,40,2,十分自然露營區,新北市平溪區靜安路三段391號,親子友善,小孩｜小朋友,1
北區,新北市,47,40,2,十分自然露營區,新北市平溪區靜安路三段391號,廁所整潔,乾淨｜廁所,1
北區,新北市,48,40,2,十分自然露營區,新北市平溪區靜安路三段391號,營地維護佳,整理｜乾淨｜營地,1
北區,新北市,107,86,2,大羅蘭,新北市烏來區大羅蘭七號,廁所整潔,乾淨｜廁所,1
北區,新北市,108,86,2,大羅蘭,新北市烏來區大羅蘭七號,營地維護佳,營主｜營地｜環境｜規劃,1
北區,新北市,109,86,2,大羅蘭,新北市烏來區大羅蘭七號,服務態度佳,營主｜推薦｜很棒,1
北區,新北市,110,86,2,大羅蘭,新北市烏來區大羅蘭七號,適合團體或家族出遊,包場｜大家｜小孩｜朋友,1
北區,新北市,300,242,2,福山達卡露營區,新北市烏來區大羅蘭19之1號,營地維護佳,乾淨｜舒服｜營地｜碎石,1
北區,新北市,301,242,2,福山達卡露營區,新北市烏來區大羅蘭19之1號,廁所整潔,乾淨｜廁所｜衛浴,1
北區,新北市,302,242,2,福山達卡露營區,新北市烏來區大羅蘭19之1號,服務態度佳,親切｜營主,1
北區,新北市,417,363,2,19庄-海景露營庄園,新北市三芝區北勢子19號,景觀漂亮,海景｜海浪｜海邊｜無敵,1
北區,新北市,418,363,2,19庄-海景露營庄園,新北市三芝區北勢子19號,營主用心經營,營主｜親切｜服務,1
北區,新北市,620,421,2,三峽樂樂谷車泊車宿木屋露營烤肉園區,新北市三峽區153-1號,廁所整潔,乾淨｜廁所,1
北區,新北市,621,421,2,三峽樂樂谷車泊車宿木屋露營烤肉園區,新北市三峽區153-1號,營主用心經營,營主｜親切｜解決｜努力,1
北區,新北市,634,426,2,三芝老農夫農場,新北市三芝區芝蘭路62之5號,廁所整潔,不錯｜乾淨｜廁所,1
北區,新北市,635,426,2,三芝老農夫農場,新北市三芝區芝蘭路62之5號,營主用心經營,服務｜營主｜用心｜親切｜超好｜超級,1
北區,新北市,636,426,2,三芝老農夫農場,新北市三芝區芝蘭路62之5號,營地維護佳,營地｜環境｜舒服｜舒適｜草皮,1
北區,新北市,660,436,2,"丹內丹內野奢莊園 DANNEI GLAMPING",新北市貢寮區仁和路21號,親子友善,孩子｜射箭｜活動,1
北區,新北市,661,436,2,"丹內丹內野奢莊園 DANNEI GLAMPING",新北市貢寮區仁和路21號,服務態度佳,服務｜用心｜親切,1
北區,新北市,662,436,2,"丹內丹內野奢莊園 DANNEI GLAMPING",新北市貢寮區仁和路21號,自然生態豐富,生態｜環境,1
北區,新北市,867,500,2,十三層營地,新北市雙溪區UnnamedRd,親子友善,小朋友｜戲水｜玩水,1
北區,新北市,868,500,2,十三層營地,新北市雙溪區UnnamedRd,淋浴設備佳,淋浴,1
北區,新北市,869,500,2,十三層營地,新北市雙溪區UnnamedRd,景觀漂亮,風景｜綠水｜美的,1
北區,新北市,870,500,2,十三層營地,新北市雙溪區UnnamedRd,營地維護佳,乾淨｜草地｜碎石,1
北區,新北市,871,500,2,十三層營地,新北市雙溪區UnnamedRd,服務態度佳,親切,1
北區,新北市,883,506,2,半島秘境,新北市石門區下員坑15號,親子友善,小孩,1
北區,新北市,884,506,2,半島秘境,新北市石門區下員坑15號,服務態度佳,態度｜服務｜服務人員｜親切｜幫忙｜協助,1
北區,新北市,1118,576,2,坪安潭營地,新北市坪林區大粗坑6之1號,廁所整潔,不錯｜乾淨,1
北區,新北市,1119,576,2,坪安潭營地,新北市坪林區大粗坑6之1號,水上活動豐富,戲水｜溪水｜玩水｜釣魚,1
北區,新北市,1238,609,2,大舌湖營地,新北市坪林區大舌湖30號,夜間安靜,很安靜,1
北區,新北市,1239,609,2,大舌湖營地,新北市坪林區大舌湖30號,電信訊號良好,機信號,1
北區,新北市,1240,609,2,大舌湖營地,新北市坪林區大舌湖30號,景觀漂亮,風景｜優美｜清澈,1
北區,新北市,1497,684,2,山中居私人別墅露營區,新北市新店區平廣路一段241號,夜間安靜,寧靜｜幽靜｜美安靜,1
北區,新北市,1498,684,2,山中居私人別墅露營區,新北市新店區平廣路一段241號,景觀漂亮,造景｜溪流｜環境,1
北區,新北市,1551,698,2,山水畔休閒生態園區,新北市三峽區建安路112-1號,親子友善,孩子｜好玩｜體驗｜開心,1
北區,新北市,1552,698,2,山水畔休閒生態園區,新北市三峽區建安路112-1號,服務態度佳,友善｜熱情｜親切,1
北區,新北市,1553,698,2,山水畔休閒生態園區,新北市三峽區建安路112-1號,營地維護佳,乾淨｜妥善｜整體｜環境,1
北區,新北市,1592,709,2,山間小露,新北市雙溪區三叉坑4號,親子友善,小孩,1
北區,新北市,1593,709,2,山間小露,新北市雙溪區三叉坑4號,廁所整潔,乾淨｜廁所,1
北區,新北市,1594,709,2,山間小露,新北市雙溪區三叉坑4號,營主用心經營,主人｜熱心｜營主｜用心｜親切｜貼心,1
北區,新北市,1595,709,2,山間小露,新北市雙溪區三叉坑4號,營地維護佳,營地｜維護｜草皮,1
北區,新北市,1666,731,2,幸福山林巴,新北市淡水區之12號,親子友善,親子,1
北區,新北市,1667,731,2,幸福山林巴,新北市淡水區之12號,夜間安靜,安靜,1
北區,新北市,1668,731,2,幸福山林巴,新北市淡水區之12號,生活機能便利,市區,1
北區,新北市,1680,735,2,張家莊,新北市雙溪區,廁所整潔,乾淨｜廁所,1
北區,新北市,1681,735,2,張家莊,新北市雙溪區,服務態度佳,服務｜營主,1
北區,新北市,1682,735,2,張家莊,新北市雙溪區,營地維護佳,整理｜環境,1
北區,新北市,1683,735,2,張家莊,新北市雙溪區,蚊蟲少,蚊蟲,1
北區,新北市,1756,756,2,恬緣烤肉露營區,新北市三峽區建安路75-5號,親子友善,全家｜好玩｜活動｜玩水｜體驗,1
北區,新北市,1757,756,2,恬緣烤肉露營區,新北市三峽區建安路75-5號,廁所整潔,乾淨｜廁所｜很棒,1
北區,新北市,1758,756,2,恬緣烤肉露營區,新北市三峽區建安路75-5號,營主用心經營,用心,1
北區,新北市,1759,756,2,恬緣烤肉露營區,新北市三峽區建安路75-5號,水上活動豐富,溯溪｜玩水｜救生衣,1
北區,新北市,1897,795,2,文山森活露營區,新北市新店區湖子內路100號,親子友善,小孩,1
北區,新北市,1898,795,2,文山森活露營區,新北市新店區湖子內路100號,服務態度佳,服務｜親切,1
北區,新北市,1899,795,2,文山森活露營區,新北市新店區湖子內路100號,營主用心經營,營主｜經營｜維護,1
北區,新北市,1900,795,2,文山森活露營區,新北市新店區湖子內路100號,營地維護佳,維護,1
北區,新北市,1901,795,2,文山森活露營區,新北市新店區湖子內路100號,廁所整潔,乾淨｜廁所,1
北區,新北市,1910,800,2,新石門營地,新北市坪林區2號,nan,nan,1
北區,新北市,2123,860,2,有木里辦公處,新北市三峽區有木里193號,景觀漂亮,瀑布｜風景,1
北區,新北市,2124,860,2,有木里辦公處,新北市三峽區有木里193號,自然生態豐富,封溪｜溪河｜溪畔｜溪谷｜泉水｜清淨｜水質｜保育｜面的魚,1
北區,新北市,2125,860,2,有木里辦公處,新北市三峽區有木里193號,水上活動豐富,玩水｜溪河｜溪畔｜溪谷,1
北區,新北市,2175,880,2,林口北堤大風車,新北市林口區,夜間安靜,安靜,1
北區,新北市,2176,880,2,林口北堤大風車,新北市林口區,景觀漂亮,風景｜藍天,1
北區,新北市,2204,890,2,桶壁角露營區,新北市烏來區金堰92號,親子友善,小朋友｜好玩,1
北區,新北市,2205,890,2,桶壁角露營區,新北市烏來區金堰92號,服務態度佳,熱心｜熱情｜親切｜關心｜服務｜營主｜經營,1
北區,新北市,2206,890,2,桶壁角露營區,新北市烏來區金堰92號,有遮蔽空間,雨棚,1
北區,新北市,2207,890,2,桶壁角露營區,新北市烏來區金堰92號,營主用心經營,熱心｜熱情｜親切｜關心｜服務｜營主｜經營｜努力,1
北區,新北市,2411,953,2,永賓露營區,新北市坪林區磨壁潭10-1號,景觀漂亮,優美｜好山好水｜清澈｜溪邊,1
北區,新北市,2412,953,2,永賓露營區,新北市坪林區磨壁潭10-1號,適合夏天,夏日,1
北區,新北市,2478,971,2,泰雅巴萊部落村,新北市烏來區西羅岸路132號,親子友善,小孩｜好玩｜射箭｜活動,1
北區,新北市,2479,971,2,泰雅巴萊部落村,新北市烏來區西羅岸路132號,營主用心經營,營主｜親切｜客氣,1
北區,新北市,2480,971,2,泰雅巴萊部落村,新北市烏來區西羅岸路132號,適合團體或家族出遊,團體｜大家,1
北區,新北市,2535,989,2,清泉水頭營地,新北市坪林區新北市坪林區漁光里粗石斛6之2號,親子友善,孩子｜玩水,1
北區,新北市,2536,989,2,清泉水頭營地,新北市坪林區新北市坪林區漁光里粗石斛6之2號,廁所整潔,乾淨｜廁所｜整潔,1
北區,新北市,2537,989,2,清泉水頭營地,新北市坪林區新北市坪林區漁光里粗石斛6之2號,營主用心經營,主人｜客氣｜親切｜營主,1
北區,新北市,2538,989,2,清泉水頭營地,新北市坪林區新北市坪林區漁光里粗石斛6之2號,有遮蔽空間,雨棚,1
北區,新北市,2565,996,2,準休閒農場,新北市五股區新五路二段70號,親子友善,小孩｜小朋友｜放電｜好玩｜親子｜適合｜適合帶｜童節｜闖關｜集點｜活動,1
北區,新北市,2566,996,2,準休閒農場,新北市五股區新五路二段70號,營地維護佳,乾淨｜草地｜園區｜場地｜環境,1
北區,新北市,2598,1007,2,烏來967高地露營區,新北市烏來區信福路120巷18號,景觀漂亮,視野好｜風景｜開闊,1
北區,新北市,2599,1007,2,烏來967高地露營區,新北市烏來區信福路120巷18號,營主用心經營,熱心｜營主,1
北區,新北市,2600,1007,2,烏來967高地露營區,新北市烏來區信福路120巷18號,自然生態豐富,生態｜森林｜負離子,1
北區,新北市,2726,1044,2,甜蜜點休閒莊園,新北市淡水區奎柔山路189號,廁所整潔,乾淨｜廁所,1
北區,新北市,2727,1044,2,甜蜜點休閒莊園,新北市淡水區奎柔山路189號,營地維護佳,草皮｜營地｜環境,1
北區,新北市,2728,1044,2,甜蜜點休閒莊園,新北市淡水區奎柔山路189號,淋浴設備佳,淋浴｜洗澡｜浴室,1
北區,新北市,2761,1055,2,皇后鎮森林三峽,新北市三峽區竹崙路95巷1號,親子友善,小孩｜戲水區｜玩水｜活動,1
北區,新北市,2762,1055,2,皇后鎮森林三峽,新北市三峽區竹崙路95巷1號,適合團體或家族出遊,團體,1
北區,新北市,2763,1056,2,皇后鎮森林金山,新北市萬里區大鵬街111號,寵物友善,寵物,1
北區,新北市,2814,1073,2,碉堡露營區,新北市石門區UnnamedRoad,營地維護佳,維護,1
北區,新北市,2815,1073,2,碉堡露營區,新北市石門區UnnamedRoad,服務態度佳,友善｜營主｜貼心,1
北區,新北市,2816,1073,2,碉堡露營區,新北市石門區UnnamedRoad,廁所整潔,乾淨｜廁所,1
北區,新北市,2840,1082,2,福山緣,新北市烏來區卡拉模基2號,親子友善,親子,1
北區,新北市,2841,1082,2,福山緣,新北市烏來區卡拉模基2號,淋浴設備佳,淋浴｜浴室｜熱水,1
北區,新北市,2842,1082,2,福山緣,新北市烏來區卡拉模基2號,營主用心經營,營主｜熱心｜親切,1
北區,新北市,2983,1119,2,給樹營地,新北市烏來區西羅岸路132之5號,親子友善,孩子｜小孩｜很棒｜有趣｜活動｜豐富｜體驗,1
北區,新北市,2984,1119,2,給樹營地,新北市烏來區西羅岸路132之5號,營主用心經營,感謝｜推薦｜熱情｜營主｜用心,1
北區,新北市,2985,1119,2,給樹營地,新北市烏來區西羅岸路132之5號,娛樂活動豐富,射箭｜教育｜文化｜活動｜竹筒,1
北區,新北市,2986,1119,2,給樹營地,新北市烏來區西羅岸路132之5號,適合團體或家族出遊,朋友｜營隊｜適合,1
北區,新北市,2991,1121,2,綠峰渡假山莊,新北市金山區三重橋22號,服務態度佳,不錯｜很棒｜禮貌｜服務,1
北區,新北市,2992,1121,2,綠峰渡假山莊,新北市金山區三重橋22號,廁所整潔,乾淨｜廁所,1
北區,新北市,2993,1121,2,綠峰渡假山莊,新北市金山區三重橋22號,景觀漂亮,風景,1
北區,新北市,3000,1124,2,"綠野山林 (成家營地)",新北市坪林區石槽50號,廁所整潔,乾淨｜廁所,1
北區,新北市,3001,1124,2,"綠野山林 (成家營地)",新北市坪林區石槽50號,淋浴設備佳,衛浴｜浴室｜熱水,1
北區,新北市,3093,1153,2,自在草堂露營車改裝,新北市瑞芳區,服務態度佳,不錯｜友善｜客氣｜很棒｜感謝｜服務｜營主｜經營｜親切,1
北區,新北市,3094,1153,2,自在草堂露營車改裝,新北市瑞芳區,景觀漂亮,夜景｜景色｜風景,1
北區,新北市,3095,1153,2,自在草堂露營車改裝,新北市瑞芳區,營主用心經營,營主｜經營,1
北區,新北市,3096,1153,2,自在草堂露營車改裝,新北市瑞芳區,廁所整潔,乾淨,1
北區,新北市,3097,1153,2,自在草堂露營車改裝,新北市瑞芳區,車泊友善,車宿｜車泊,1
北區,新北市,3098,1153,2,自在草堂露營車改裝,新北市瑞芳區,生活機能便利,九份｜老街,1
北區,新北市,3181,1177,2,茶香地營地,新北市坪林區坪雙路一段102號,廁所整潔,乾淨｜衛浴,1
北區,新北市,3182,1177,2,茶香地營地,新北市坪林區坪雙路一段102號,營主用心經營,好客｜營主｜親切｜負責,1
北區,新北市,3183,1178,2,茶香村之旅露營區,新北市坪林區,景觀漂亮,優美｜美景,1
北區,新北市,3184,1178,2,茶香村之旅露營區,新北市坪林區,夜間安靜,寧靜,1
北區,新北市,3235,1197,2,葵扇湖休閒農場,新北市金山區兩湖里2鄰,景觀漂亮,夜景｜景色｜海景｜美景｜風景,1
北區,新北市,3236,1197,2,葵扇湖休閒農場,新北市金山區兩湖里2鄰,營主用心經營,熱情｜營主｜親切,1
北區,新北市,3243,1201,2,蕃米力親子營地(原月牙灣),新北市坪林區,親子友善,小朋友｜親子｜適合,1
北區,新北市,3244,1201,2,蕃米力親子營地(原月牙灣),新北市坪林區,景觀漂亮,很漂亮｜清澈｜溪水｜溪流｜溪邊｜綠意,1
北區,新北市,3245,1201,2,蕃米力親子營地(原月牙灣),新北市坪林區,營地維護佳,乾淨｜完善｜清潔｜維護,1
北區,新北市,3246,1201,2,蕃米力親子營地(原月牙灣),新北市坪林區,營主用心經營,營主,1
北區,新北市,3374,1248,2,車床天地,新北市三峽區號,營地維護佳,環境｜維護｜衛浴｜設備,1
北區,新北市,3375,1248,2,車床天地,新北市三峽區號,景觀漂亮,優美｜夕陽｜天地｜美麗｜風景,1
北區,新北市,3376,1248,2,車床天地,新北市三峽區號,夜間安靜,安靜,1
北區,新北市,3402,1256,2,"迴山里 GLAMPING",新北市烏來區金堰115巷10之1號,景觀漂亮,夜景,1
北區,新北市,3403,1256,2,"迴山里 GLAMPING",新北市烏來區金堰115巷10之1號,廁所整潔,乾淨｜廁所,1
北區,新北市,3404,1256,2,"迴山里 GLAMPING",新北市烏來區金堰115巷10之1號,淋浴設備佳,洗澡｜浴室｜熱水,1
北區,新北市,3405,1256,2,"迴山里 GLAMPING",新北市烏來區金堰115巷10之1號,營主用心經營,協助｜營主｜用心｜親切,1
北區,新北市,3406,1256,2,"迴山里 GLAMPING",新北市烏來區金堰115巷10之1號,營地維護佳,維護｜環境｜碎石,1
北區,新北市,3407,1256,2,"迴山里 GLAMPING",新北市烏來區金堰115巷10之1號,服務態度佳,親切,1
北區,新北市,3570,1300,2,"金山驛境 Gold Mountain Ranch Town",新北市金山區仔5-2號,營地維護佳,維護,1
北區,新北市,3594,1308,2,鐵馬新樂園,新北市坪林區金瓜寮19之1號,親子友善,小孩｜親子,1
北區,新北市,3595,1308,2,鐵馬新樂園,新北市坪林區金瓜寮19之1號,營地維護佳,乾淨｜環境｜用心,1
北區,新北市,3596,1308,2,鐵馬新樂園,新北市坪林區金瓜寮19之1號,自然生態豐富,植物｜螢火蟲｜空氣,1
北區,新北市,3602,1311,2,長青谷大自然園區,新北市新店區新潭路二段25號,營地維護佳,用心｜維護,1
北區,新北市,3797,1371,2,青山營地,新北市坪林區48之1號,親子友善,全家｜小孩｜家庭｜戲水｜玩水｜適合帶,1
北區,新北市,3798,1371,2,青山營地,新北市坪林區48之1號,廁所整潔,乾淨,1
北區,新北市,3799,1371,2,青山營地,新北市坪林區48之1號,營主用心經營,用心｜經營者｜親切｜熱情,1
北區,新北市,3812,1376,2,頭目山水,新北市烏來區,景觀漂亮,很漂亮｜世外桃源｜置身,1
北區,新北市,3813,1376,2,頭目山水,新北市烏來區,營地維護佳,整理｜環境,1
北區,新北市,3952,1418,2,黑金大閘蟹的家,新北市雙溪區過溪3-1號,親子友善,小孩｜小朋友,1
北區,新北市,3953,1418,2,黑金大閘蟹的家,新北市雙溪區過溪3-1號,營主用心經營,營主｜幫忙｜親切,1
北區,新北市,3954,1418,2,黑金大閘蟹的家,新北市雙溪區過溪3-1號,廁所整潔,乾淨,1
北區,新北市,3955,1418,2,黑金大閘蟹的家,新北市雙溪區過溪3-1號,自然生態豐富,螢火蟲,1
北區,新北市,3969,1423,2,龍門露營渡假基地,新北市貢寮區興隆街100號,廁所整潔,乾淨｜廁所,1
北區,新北市,3970,1423,2,龍門露營渡假基地,新北市貢寮區興隆街100號,服務態度佳,服務｜很不錯,1
北區,新北市,3971,1423,2,龍門露營渡假基地,新北市貢寮區興隆街100號,生活機能便利,便利商店,1
北區,基隆市,492,384,3,"LAPOPO 拉波波村",基隆市暖暖區東勢街221號,服務態度佳,態度｜服務｜服務人員｜熱情｜親切,1
北區,基隆市,493,384,3,"LAPOPO 拉波波村",基隆市暖暖區東勢街221號,免搭帳篷(懶人露營),帳篷｜房間｜露營,1
北區,基隆市,494,384,3,"LAPOPO 拉波波村",基隆市暖暖區東勢街221號,娛樂活動豐富,活動｜遊戲｜導覽,1
北區,桃園市,42,36,4,利河伯休閒農園露營區,桃園市復興區三光里爺亨段410地號,景觀漂亮,很漂亮｜美麗｜風景,1
北區,桃園市,43,36,4,利河伯休閒農園露營區,桃園市復興區三光里爺亨段410地號,淋浴設備佳,浴室｜淋浴｜熱水,1
北區,桃園市,44,36,4,利河伯休閒農園露營區,桃園市復興區三光里爺亨段410地號,營主用心經營,主人｜幫忙｜熱情｜營主｜親切｜超好,1
北區,桃園市,45,36,4,利河伯休閒農園露營區,桃園市復興區三光里爺亨段410地號,服務態度佳,服務,1
北區,桃園市,55,51,4,古渡園地,桃園市復興區華陵里中心路86巷11號,廁所整潔,乾淨｜廁所｜超乾淨｜衛浴,1
北區,桃園市,56,51,4,古渡園地,桃園市復興區華陵里中心路86巷11號,營主用心經營,回饋｜熱心｜熱情｜營主｜用心｜維持｜親切,1
北區,桃園市,57,51,4,古渡園地,桃園市復興區華陵里中心路86巷11號,適合賞櫻,櫻花｜花季,1
北區,桃園市,58,51,4,古渡園地,桃園市復興區華陵里中心路86巷11號,淋浴設備佳,洗澡｜熱水｜衛浴,1
北區,桃園市,75,62,4,和平橋露營區,桃園市復興區,親子友善,小孩,1
北區,桃園市,76,62,4,和平橋露營區,桃園市復興區,營主用心經營,好客｜熱情｜親切,1
北區,桃園市,77,62,4,和平橋露營區,桃園市復興區,廁所整潔,乾淨｜廁所,1
北區,桃園市,78,62,4,和平橋露營區,桃園市復興區,插座充足,插座,1
北區,桃園市,88,70,4,蜻蜓露營區-嘎色鬧,桃園市復興區奎輝里8鄰嘎色鬧23號,親子友善,小孩｜小朋友,1
北區,桃園市,89,70,4,蜻蜓露營區-嘎色鬧,桃園市復興區奎輝里8鄰嘎色鬧23號,廁所整潔,乾淨｜廁所,1
北區,桃園市,90,70,4,蜻蜓露營區-嘎色鬧,桃園市復興區奎輝里8鄰嘎色鬧23號,淋浴設備佳,水壓｜洗澡｜浴室｜熱水｜衛浴,1
北區,桃園市,91,70,4,蜻蜓露營區-嘎色鬧,桃園市復興區奎輝里8鄰嘎色鬧23號,營主用心經營,熱情｜營主｜用心｜親切,1
北區,桃園市,92,70,4,蜻蜓露營區-嘎色鬧,桃園市復興區奎輝里8鄰嘎色鬧23號,適合團體或家族出遊,包區｜區域｜空間｜超大,1
北區,桃園市,96,75,4,培雅境休閒露營區,桃園市復興區羅浮里羅馬路一段301之6號,廁所整潔,乾淨｜廁所｜衛浴,1
北區,桃園市,97,75,4,培雅境休閒露營區,桃園市復興區羅浮里羅馬路一段301之6號,淋浴設備佳,洗澡｜淋浴｜熱水｜衛浴,1
北區,桃園市,98,75,4,培雅境休閒露營區,桃園市復興區羅浮里羅馬路一段301之6號,營主用心經營,營主｜用心,1
北區,桃園市,99,75,4,培雅境休閒露營區,桃園市復興區羅浮里羅馬路一段301之6號,親子友善,孩子｜活動｜滑水｜攀岩,1
北區,桃園市,122,102,4,尹宿納,桃園市復興區,景觀漂亮,優美｜山景｜景觀｜風景,1
北區,桃園市,123,102,4,尹宿納,桃園市復興區,營主用心經營,主人｜營主｜親切,1
北區,桃園市,124,102,4,尹宿納,桃園市復興區,廁所整潔,乾淨｜廁所,1
北區,桃園市,125,102,4,尹宿納,桃園市復興區,淋浴設備佳,洗澡｜浴室｜熱水｜衛浴,1
北區,桃園市,143,111,4,山豬王露營區,桃園市復興區7鄰1之12號,廁所整潔,乾淨｜廁所｜衛浴,1
北區,桃園市,144,111,4,山豬王露營區,桃園市復興區7鄰1之12號,營主用心經營,營主｜親切,1
北區,桃園市,145,111,4,山豬王露營區,桃園市復興區7鄰1之12號,水上活動豐富,溪水｜溪邊｜滑水｜玩水,1
北區,桃園市,155,121,4,庫司景觀露營區,桃園市復興區,廁所整潔,不錯｜乾淨｜廁所｜很棒,1
北區,桃園市,156,121,4,庫司景觀露營區,桃園市復興區,營主用心經營,熱情｜營主｜用心｜親切,1
北區,桃園市,157,121,4,庫司景觀露營區,桃園市復興區,景觀漂亮,風景｜雲海,1
北區,桃園市,158,121,4,庫司景觀露營區,桃園市復興區,適合團體或家族出遊,家人｜大家,1
北區,桃園市,163,126,4,得拉互,桃園市復興區華陵里巴崚8鄰55之2號,景觀漂亮,山景｜美景｜風景,1
北區,桃園市,164,126,4,得拉互,桃園市復興區華陵里巴崚8鄰55之2號,營主用心經營,主人｜營主｜熱情｜親切,1
北區,桃園市,165,126,4,得拉互,桃園市復興區華陵里巴崚8鄰55之2號,廁所整潔,乾淨｜廁所,1
北區,桃園市,166,126,4,得拉互,桃園市復興區華陵里巴崚8鄰55之2號,淋浴設備佳,洗澡｜熱水｜衛浴,1
北區,桃園市,176,142,4,戀戀雅渡農場,桃園市復興區高義里七鄰10之3號,廁所整潔,乾淨｜廁所,1
北區,桃園市,177,142,4,戀戀雅渡農場,桃園市復興區高義里七鄰10之3號,服務態度佳,友善｜親切｜營主,1
北區,桃園市,200,165,4,木河谷,桃園市復興區,廁所整潔,乾淨｜廁所,1
北區,桃園市,201,165,4,木河谷,桃園市復興區,營主用心經營,熱情｜營主｜親切,1
北區,桃園市,202,165,4,木河谷,桃園市復興區,自然生態豐富,生態｜溪水｜溪流,1
北區,桃園市,203,165,4,木河谷,桃園市復興區,淋浴設備佳,乾淨｜洗澡｜衛浴,1
北區,桃園市,212,168,4,杉與山露營區,桃園市復興區中心路86巷,景觀漂亮,山景｜星空｜雲海｜風景,1
北區,桃園市,213,168,4,杉與山露營區,桃園市復興區中心路86巷,營主用心經營,營主｜用心,1
北區,桃園市,214,168,4,杉與山露營區,桃園市復興區中心路86巷,廁所整潔,乾淨｜廁所,1
北區,桃園市,215,168,4,杉與山露營區,桃園市復興區中心路86巷,淋浴設備佳,衛浴｜設備｜洗澡｜浴室｜熱水,1
北區,桃園市,226,176,4,桃子菇菇休閒農莊,桃園市復興區中心路華陵里148號,廁所整潔,乾淨｜廁所,1
北區,桃園市,227,176,4,桃子菇菇休閒農莊,桃園市復興區中心路華陵里148號,景觀漂亮,很漂亮｜風景,1
北區,桃園市,228,176,4,桃子菇菇休閒農莊,桃園市復興區中心路華陵里148號,營主用心經營,熱情｜營主｜親切,1
北區,桃園市,229,176,4,桃子菇菇休閒農莊,桃園市復興區中心路華陵里148號,親子友善,小孩,1
北區,桃園市,249,197,4,歐陽莊園,桃園市復興區高義蘭道路65之7號,親子友善,小孩,1
北區,桃園市,250,197,4,歐陽莊園,桃園市復興區高義蘭道路65之7號,廁所整潔,乾淨｜廁所,1
北區,桃園市,251,197,4,歐陽莊園,桃園市復興區高義蘭道路65之7號,淋浴設備佳,水溫｜洗澡｜浴室｜熱水,1
北區,桃園市,252,197,4,歐陽莊園,桃園市復興區高義蘭道路65之7號,營主用心經營,營主｜用心｜經營,1
北區,桃園市,253,197,4,歐陽莊園,桃園市復興區高義蘭道路65之7號,營地維護佳,維護｜養護,1
北區,桃園市,254,197,4,歐陽莊園,桃園市復興區高義蘭道路65之7號,景觀漂亮,美景｜風景,1
北區,桃園市,255,197,4,歐陽莊園,桃園市復興區高義蘭道路65之7號,適合賞櫻,櫻花｜花季,1
北區,桃園市,259,199,4,比固花園,桃園市復興區高義村,淋浴設備佳,淋浴｜熱水,1
北區,桃園市,260,199,4,比固花園,桃園市復興區高義村,營地維護佳,營地｜用心｜維護｜草皮,1
北區,桃園市,261,199,4,比固花園,桃園市復興區高義村,營主用心經營,營主｜用心,1
北區,桃園市,262,199,4,比固花園,桃園市復興區高義村,服務態度佳,親切｜態度,1
北區,桃園市,263,199,4,比固花園,桃園市復興區高義村,廁所整潔,乾淨｜廁所,1
北區,桃園市,267,211,4,清清露營區,桃園市復興區華陵里8鄰40號,景觀漂亮,山景｜景觀｜風景,1
北區,桃園市,268,211,4,清清露營區,桃園市復興區華陵里8鄰40號,廁所整潔,乾淨｜廁所,1
北區,桃園市,269,211,4,清清露營區,桃園市復興區華陵里8鄰40號,營地維護佳,營地｜環境｜草皮,1
北區,桃園市,283,223,4,爺亨溪岸,桃園市復興區,廁所整潔,中央｜乾淨｜廁所,1
北區,桃園市,284,223,4,爺亨溪岸,桃園市復興區,營主用心經營,營主｜營主夫｜營主能,1
北區,桃園市,285,223,4,爺亨溪岸,桃園市復興區,水上活動豐富,水池｜玩水｜釣魚｜魚池,1
北區,桃園市,303,247,4,米利漾,桃園市復興區2號,廁所整潔,乾淨｜廁所,1
北區,桃園市,304,247,4,米利漾,桃園市復興區2號,營地維護佳,整理｜環境｜維護,1
北區,桃園市,305,247,4,米利漾,桃園市復興區2號,營主用心經營,營主｜用心,1
北區,桃園市,306,247,4,米利漾,桃園市復興區2號,淋浴設備佳,沐浴｜浴室｜熱水｜衛浴,1
北區,桃園市,368,326,4,露薩休閒露營區,桃園市復興區三光里爺亨35-1號,景觀漂亮,景美｜景觀區｜風景,1
北區,桃園市,369,326,4,露薩休閒露營區,桃園市復興區三光里爺亨35-1號,營地維護佳,乾淨｜草皮｜營地｜環境,1
北區,桃園市,377,335,4,飛督努露營區,桃園市復興區霞雲里5鄰成福路559號,廁所整潔,不錯｜乾淨｜廁所｜很棒｜推薦｜整體｜環境,1
北區,桃園市,378,335,4,飛督努露營區,桃園市復興區霞雲里5鄰成福路559號,營主用心經營,營主｜很棒｜推薦,1
北區,桃園市,388,344,4,高崗露營區,桃園市復興區武崙路33號,營主用心經營,好客｜熱情｜親切｜營主,1
北區,桃園市,389,344,4,高崗露營區,桃園市復興區武崙路33號,營地維護佳,乾淨｜維護｜草地｜環境,1
北區,桃園市,390,344,4,高崗露營區,桃園市復興區武崙路33號,景觀漂亮,山景｜風景,1
北區,桃園市,391,344,4,高崗露營區,桃園市復興區武崙路33號,服務態度佳,熱情｜親切,1
北區,桃園市,392,344,4,高崗露營區,桃園市復興區武崙路33號,有遮蔽空間,雨棚,1
北區,桃園市,393,344,4,高崗露營區,桃園市復興區武崙路33號,車泊友善,車宿,1
北區,桃園市,394,344,4,高崗露營區,桃園市復興區武崙路33號,淋浴設備佳,衛浴｜熱水,1
北區,桃園市,463,376,4,"Colin 亞力山大露營區",桃園市復興區高義蘭道路65-9號,廁所整潔,主人｜乾淨｜廁所,1
北區,桃園市,464,376,4,"Colin 亞力山大露營區",桃園市復興區高義蘭道路65-9號,景觀漂亮,星空｜美麗｜風景,1
北區,桃園市,465,376,4,"Colin 亞力山大露營區",桃園市復興區高義蘭道路65-9號,營主用心經營,營主｜用心,1
北區,桃園市,466,376,4,"Colin 亞力山大露營區",桃園市復興區高義蘭道路65-9號,適合賞櫻,櫻花｜花季,1
北區,桃園市,476,380,4,Hola吼辣露營農場,桃園市復興區16號,親子友善,小朋友｜水池,1
北區,桃園市,477,380,4,Hola吼辣露營農場,桃園市復興區16號,景觀漂亮,山景｜竹林｜瀑布｜螢火蟲,1
北區,桃園市,478,380,4,Hola吼辣露營農場,桃園市復興區16號,服務態度佳,主人｜友善｜營主｜親切｜用心,1
北區,桃園市,479,380,4,Hola吼辣露營農場,桃園市復興區16號,廁所整潔,乾淨｜廁所｜整潔,1
北區,桃園市,480,380,4,Hola吼辣露營農場,桃園市復興區16號,淋浴設備佳,洗澡｜浴室｜淋浴｜熱水,1
北區,桃園市,591,414,4,一號地露營區,桃園市復興區,景觀漂亮,山景｜山林｜景色｜雲海｜風景,1
北區,桃園市,592,414,4,一號地露營區,桃園市復興區,廁所整潔,乾淨｜廁所,1
北區,桃園市,593,414,4,一號地露營區,桃園市復興區,營主用心經營,熱情｜營主｜用心｜親切,1
北區,桃園市,594,414,4,一號地露營區,桃園市復興區,服務態度佳,熱情｜親切,1
北區,桃園市,641,428,4,上杉露營區,桃園市復興區6鄰28之,親子友善,小孩,1
北區,桃園市,642,428,4,上杉露營區,桃園市復興區6鄰28之,營主用心經營,主人｜熱心｜熱情｜營主｜用心｜親切,1
北區,桃園市,643,428,4,上杉露營區,桃園市復興區6鄰28之,廁所整潔,乾淨｜浴廁｜衛浴｜衛生間,1
北區,桃園市,644,428,4,上杉露營區,桃園市復興區6鄰28之,營地維護佳,整理｜環境,1
北區,桃園市,690,445,4,亞霧香草營區,桃園市復興區,廁所整潔,乾淨｜廁所,1
北區,桃園市,691,445,4,亞霧香草營區,桃園市復興區,景觀漂亮,山景｜美麗｜風景,1
北區,桃園市,692,445,4,亞霧香草營區,桃園市復興區,營主用心經營,和善｜營主｜用心｜經營｜親切,1
北區,桃園市,696,447,4,享恩商店露營區,桃園市復興區溪口路86號,營主用心經營,主人｜熱情｜用心,1
北區,桃園市,697,447,4,享恩商店露營區,桃園市復興區溪口路86號,廁所整潔,乾淨｜廁所,1
北區,桃園市,698,447,4,享恩商店露營區,桃園市復興區溪口路86號,插座充足,充電｜充電系統｜插座,1
北區,桃園市,699,448,4,"享慢活 Double 5",桃園市新屋區港興路310號,親子友善,小孩｜小朋友｜活動｜表演｜體驗｜適合,1
北區,桃園市,700,448,4,"享慢活 Double 5",桃園市新屋區港興路310號,服務態度佳,服務｜服務人員｜反應,1
北區,桃園市,730,458,4,伊萬農場露營區,桃園市復興區高義里雪霧鬧,廁所整潔,乾淨｜廁所,1
北區,桃園市,731,458,4,伊萬農場露營區,桃園市復興區高義里雪霧鬧,營地維護佳,整理｜維護,1
北區,桃園市,732,458,4,伊萬農場露營區,桃園市復興區高義里雪霧鬧,營主用心經營,營主｜用心,1
北區,桃園市,733,458,4,伊萬農場露營區,桃園市復興區高義里雪霧鬧,景觀漂亮,夜景｜雲海｜風景,1
北區,桃園市,738,460,4,"休旅家 梧桐心境露營區",桃園市龍潭區粗坑路622巷280號,營地維護佳,乾淨｜草皮｜衛浴,1
北區,桃園市,739,460,4,"休旅家 梧桐心境露營區",桃園市龍潭區粗坑路622巷280號,服務態度佳,服務｜營主,1
北區,桃園市,776,470,4,兔子坑露營區,桃園市龍潭區永昌路51巷18弄108之2號,廁所整潔,乾淨｜廁所,1
北區,桃園市,777,470,4,兔子坑露營區,桃園市龍潭區永昌路51巷18弄108之2號,營地維護佳,營主｜營地｜環境｜管理｜維護｜草地｜草皮,1
北區,桃園市,778,470,4,兔子坑露營區,桃園市龍潭區永昌路51巷18弄108之2號,營主用心經營,營主｜用心,1
北區,桃園市,799,477,4,八度野溪露營區(免裝備露營車,桃園市復興區羅馬路三段238號,廁所整潔,乾淨｜廁所,1
北區,桃園市,800,477,4,八度野溪露營區(免裝備露營車,桃園市復興區羅馬路三段238號,營主用心經營,營主｜營主會｜用心｜經營｜親切,1
北區,桃園市,801,477,4,八度野溪露營區(免裝備露營車,桃園市復興區羅馬路三段238號,淋浴設備佳,浴室｜衛浴,1
北區,桃園市,914,517,4,"卡普休閒農莊(Qapu Camping Area)",桃園市復興區23號,營主用心經營,不錯｜主人｜幫忙｜很棒｜推薦｜營主｜熱情｜貼心,1
北區,桃園市,915,517,4,"卡普休閒農莊(Qapu Camping Area)",桃園市復興區23號,廁所整潔,乾淨｜廁所｜馬桶,1
北區,桃園市,916,517,4,"卡普休閒農莊(Qapu Camping Area)",桃園市復興區23號,景觀漂亮,景色｜山林,1
北區,桃園市,917,518,4,卡果牧場,桃園市大園區埔心83-2號,廁所整潔,乾淨｜廁所,1
北區,桃園市,918,518,4,卡果牧場,桃園市大園區埔心83-2號,營主用心經營,熱情｜營主｜親切,1
北區,桃園市,919,518,4,卡果牧場,桃園市大園區埔心83-2號,營地維護佳,乾淨｜草地｜草皮｜環境,1
北區,桃園市,920,518,4,卡果牧場,桃園市大園區埔心83-2號,寵物友善,牧羊犬｜狗狗,1
北區,桃園市,932,524,4,友善露營區,桃園市復興區中心路160-7號,服務態度佳,友善｜營主｜營主貼｜超親切,1
北區,桃園市,933,524,4,友善露營區,桃園市復興區中心路160-7號,廁所整潔,乾淨｜廁所,1
北區,桃園市,934,524,4,友善露營區,桃園市復興區中心路160-7號,景觀漂亮,優美老｜夕陽｜景色｜景優樹｜風景｜越美連夕陽｜神木,1
北區,桃園市,935,524,4,友善露營區,桃園市復興區中心路160-7號,營主用心經營,營主｜營主貼｜超親切,1
北區,桃園市,936,524,4,友善露營區,桃園市復興區中心路160-7號,適合團體或家族出遊,包場｜同學｜大家｜朋友｜老小｜聚會,1
北區,桃園市,939,526,4,叢林開始懶人露營區Glamping,桃園市龍潭區德湖街369號,寵物友善,寵物｜友善,1
北區,桃園市,940,526,4,叢林開始懶人露營區Glamping,桃園市龍潭區德湖街369號,服務態度佳,友善｜服務｜很棒｜推薦｜提供｜超級,1
北區,桃園市,941,526,4,叢林開始懶人露營區Glamping,桃園市龍潭區德湖街369號,免搭帳篷(懶人露營),房間｜帳篷,1
北區,桃園市,942,526,4,叢林開始懶人露營區Glamping,桃園市龍潭區德湖街369號,娛樂活動豐富,活動｜豐富,1
北區,桃園市,943,526,4,叢林開始懶人露營區Glamping,桃園市龍潭區德湖街369號,餐點,下午茶｜早餐｜晚餐｜餐點,1
北區,桃園市,1059,559,4,喜樂麻谷烤肉露營休閒園區,桃園市復興區霞雲里4鄰佳志13-1號,親子友善,小朋友｜戲水｜玩水,1
北區,桃園市,1060,559,4,喜樂麻谷烤肉露營休閒園區,桃園市復興區霞雲里4鄰佳志13-1號,插座充足,插座,1
北區,桃園市,1061,559,4,喜樂麻谷烤肉露營休閒園區,桃園市復興區霞雲里4鄰佳志13-1號,廁所整潔,乾淨,1
北區,桃園市,1120,577,4,基拉耳山莊,桃園市復興區溪口路16巷29號,親子友善,小孩,1
北區,桃園市,1121,577,4,基拉耳山莊,桃園市復興區溪口路16巷29號,景觀漂亮,景觀｜美景｜風景,1
北區,桃園市,1122,577,4,基拉耳山莊,桃園市復興區溪口路16巷29號,服務態度佳,服務｜親切｜用心｜感謝,1
北區,桃園市,1123,577,4,基拉耳山莊,桃園市復興區溪口路16巷29號,營主用心經營,用心,1
北區,桃園市,1124,577,4,基拉耳山莊,桃園市復興區溪口路16巷29號,適合團體或家族出遊,適合,1
北區,桃園市,1132,580,4,塔曼之光露營區,桃園市復興區中心路315號,廁所整潔,乾淨｜廁所,1
北區,桃園市,1133,580,4,塔曼之光露營區,桃園市復興區中心路315號,營地維護佳,乾淨｜環境,1
北區,桃園市,1134,580,4,塔曼之光露營區,桃園市復興區中心路315號,景觀漂亮,景色｜風景｜開闊,1
北區,桃園市,1135,581,4,塔木休閒農場,桃園市復興區10鄰29之5號,廁所整潔,主人｜乾淨｜廁所｜整潔｜衛浴,1
北區,桃園市,1136,581,4,塔木休閒農場,桃園市復興區10鄰29之5號,營主用心經營,主人｜幫忙｜熱情｜營主｜親切,1
北區,桃園市,1137,581,4,塔木休閒農場,桃園市復興區10鄰29之5號,營地維護佳,乾淨｜營地｜環境｜碎石,1
北區,桃園市,1146,585,4,壘薩露營區,桃園市復興區卡普,寵物友善,可愛｜可愛的｜大白熊｜寵物｜狗狗｜貓咪｜貓貓,1
北區,桃園市,1147,585,4,壘薩露營區,桃園市復興區卡普,廁所整潔,乾淨｜廁所｜衛浴,1
北區,桃園市,1148,585,4,壘薩露營區,桃園市復興區卡普,服務態度佳,主人｜友善｜熱情｜營主｜親人｜親切,1
北區,桃園市,1149,585,4,壘薩露營區,桃園市復興區卡普,營地維護佳,乾淨｜優質｜環境｜營區｜營地｜設備｜風景,1
北區,桃園市,1183,594,4,夢想家園露營區,桃園市復興區華陵里9鄰85號,景觀漂亮,山景｜無敵｜神木｜風景,1
北區,桃園市,1184,594,4,夢想家園露營區,桃園市復興區華陵里9鄰85號,廁所整潔,乾淨｜廁所｜整潔,1
北區,桃園市,1185,594,4,夢想家園露營區,桃園市復興區華陵里9鄰85號,營主用心經營,好客｜家園｜想家園｜營主｜用心｜經營｜熱情｜親切,1
北區,桃園市,1186,594,4,夢想家園露營區,桃園市復興區華陵里9鄰85號,服務態度佳,好客｜熱情｜親切,1
北區,桃園市,1187,594,4,夢想家園露營區,桃園市復興區華陵里9鄰85號,營地維護佳,乾淨｜營地｜環境｜舒適｜整潔,1
北區,桃園市,1188,594,4,夢想家園露營區,桃園市復興區華陵里9鄰85號,有遮蔽空間,雨棚,1
北區,桃園市,1211,602,4,大樹下露營區,桃園市復興區32號,營主用心經營,熱情｜營主｜營主溝｜親切,1
北區,桃園市,1212,602,4,大樹下露營區,桃園市復興區32號,廁所整潔,乾淨｜廁所,1
北區,桃園市,1213,602,4,大樹下露營區,桃園市復興區32號,營地維護佳,整理｜環境,1
北區,桃園市,1288,623,4,天成逸旅,桃園市龍潭區悅華路100號,免搭帳篷(懶人露營),不用,1
北區,桃園市,1289,623,4,天成逸旅,桃園市龍潭區悅華路100號,生活機能便利,很近,1
北區,桃園市,1335,638,4,奎輝營地,桃園市復興區奎輝里5鄰12號,親子友善,孩子｜小孩｜小朋友,1
北區,桃園市,1336,638,4,奎輝營地,桃園市復興區奎輝里5鄰12號,營地維護佳,維護,1
北區,桃園市,1337,638,4,奎輝營地,桃園市復興區奎輝里5鄰12號,營主用心經營,熱心｜熱情｜營主｜親切,1
北區,桃園市,1494,683,4,山上陽光休閒農莊,桃園市復興區一鄰號,親子友善,小朋友｜積木｜籃球｜羽球｜腳踏車｜螢火蟲,1
北區,桃園市,1495,683,4,山上陽光休閒農莊,桃園市復興區一鄰號,營主用心經營,主人｜營主｜待人｜親切｜用心,1
北區,桃園市,1496,683,4,山上陽光休閒農莊,桃園市復興區一鄰號,交通便利,交通｜方便,1
北區,桃園市,1505,687,4,山大王休閒農莊,桃園市復興區成福路,親子友善,小孩｜小朋友｜親子,1
北區,桃園市,1506,687,4,山大王休閒農莊,桃園市復興區成福路,營主用心經營,熱情｜營主｜用心,1
北區,桃園市,1507,687,4,山大王休閒農莊,桃園市復興區成福路,服務態度佳,服務｜熱情,1
北區,桃園市,1596,710,4,山雲海露營農場,桃園市復興區中心路156號,廁所整潔,乾淨｜廁所｜整潔,1
北區,桃園市,1597,710,4,山雲海露營農場,桃園市復興區中心路156號,營主用心經營,營主｜用心｜經營,1
北區,桃園市,1598,710,4,山雲海露營農場,桃園市復興區中心路156號,營地維護佳,維護｜環境,1
北區,桃園市,1599,710,4,山雲海露營農場,桃園市復興區中心路156號,服務態度佳,親切,1
北區,桃園市,1651,726,4,布納星空露營區,桃園市復興區25之6號,營主用心經營,主人｜熱情｜營主｜用心｜親切｜誠實｜關心,1
北區,桃園市,1652,726,4,布納星空露營區,桃園市復興區25之6號,廁所整潔,乾淨｜廁所｜衛浴,1
北區,桃園市,1653,726,4,布納星空露營區,桃園市復興區25之6號,服務態度佳,熱情｜親切,1
北區,桃園市,1654,726,4,布納星空露營區,桃園市復興區25之6號,景觀漂亮,星空｜雲海,1
北區,桃園市,1677,734,4,庫巴露營區,桃園市復興區庫志道路31-3號,廁所整潔,乾淨｜廁所｜整潔,1
北區,桃園市,1678,734,4,庫巴露營區,桃園市復興區庫志道路31-3號,營主用心經營,主人｜營主｜用心,1
北區,桃園市,1679,734,4,庫巴露營區,桃園市復興區庫志道路31-3號,淋浴設備佳,水壓｜沐浴｜洗澡｜浴室｜熱水,1
北區,桃園市,1753,755,4,恩愛農場露營地,桃園市復興區華陵里巴崚143之1號,景觀漂亮,很漂亮｜景觀｜超美｜風景,1
北區,桃園市,1754,755,4,恩愛農場露營地,桃園市復興區華陵里巴崚143之1號,適合賞櫻,櫻花｜爆開｜盛開｜賞花,1
北區,桃園市,1755,755,4,恩愛農場露營地,桃園市復興區華陵里巴崚143之1號,廁所整潔,浴廁｜清潔,1
北區,桃園市,1834,776,4,拉嘎露營區,桃園市復興區霞雲里佳志14之1號,景觀漂亮,優雅｜景色｜清新｜環境｜畫面｜空氣｜美不勝收｜風景｜驚喜,1
北區,桃園市,1860,786,4,摩亞露營區,桃園市復興區高義村雪霧鬧7鄰10-8號,景觀漂亮,夜景｜百萬｜雲海｜風景｜視野｜美的,1
北區,桃園市,1861,786,4,摩亞露營區,桃園市復興區高義村雪霧鬧7鄰10-8號,廁所整潔,乾淨｜廁所,1
北區,桃園市,1862,786,4,摩亞露營區,桃園市復興區高義村雪霧鬧7鄰10-8號,淋浴設備佳,洗澡｜浴室｜熱水｜衛浴,1
北區,桃園市,1863,786,4,摩亞露營區,桃園市復興區高義村雪霧鬧7鄰10-8號,營主用心經營,營主｜熱情｜處理,1
北區,桃園市,1864,786,4,摩亞露營區,桃園市復興區高義村雪霧鬧7鄰10-8號,營地維護佳,環境｜草地｜草坪｜草皮｜營地｜舒服｜舒適,1
北區,桃園市,1926,806,4,施工中暫停服務,桃園市復興區,營主用心經營,主人｜佛心｜好客｜熱情｜營主｜莊主熱情｜親切｜風趣,1
北區,桃園市,1927,806,4,施工中暫停服務,桃園市復興區,廁所整潔,乾淨,1
北區,桃園市,1928,806,4,施工中暫停服務,桃園市復興區,景觀漂亮,環山｜空氣｜花草｜風景,1
北區,桃園市,1929,806,4,施工中暫停服務,桃園市復興區,車泊友善,車宿,1
北區,桃園市,1930,806,4,施工中暫停服務,桃園市復興區,服務態度佳,熱情，親切,1
北區,桃園市,2194,886,4,桃園•復興露營區,桃園市復興區,廁所整潔,不錯｜乾淨｜廁所｜很棒,1
北區,桃園市,2195,886,4,桃園•復興露營區,桃園市復興區,親子友善,女兒｜好玩｜小孩,1
北區,桃園市,2196,887,4,桃園市龍潭區石門國民小學第二校區,桃園市龍潭區民治路100號,nan,nan,1
北區,桃園市,2248,904,4,森森親子露營區,桃園市大溪區福山一路118-1號,親子友善,小孩｜小朋友｜溜滑梯｜沙坑｜水池｜親子｜開心,1
北區,桃園市,2249,904,4,森森親子露營區,桃園市大溪區福山一路118-1號,免搭帳篷(懶人露營),不用｜帳篷,1
北區,桃園市,2250,904,4,森森親子露營區,桃園市大溪區福山一路118-1號,廁所整潔,乾淨｜廁所,1
北區,桃園市,2251,904,4,森森親子露營區,桃園市大溪區福山一路118-1號,淋浴設備佳,洗澡｜浴室｜熱水｜衛浴,1
北區,桃園市,2252,904,4,森森親子露營區,桃園市大溪區福山一路118-1號,營主用心經營,營主｜用心｜親切｜解決,1
北區,桃園市,2253,904,4,森森親子露營區,桃園市大溪區福山一路118-1號,營地維護佳,整理｜環境｜草皮｜規劃,1
北區,桃園市,2283,916,4,樂悠露營,桃園市復興區奎輝里2鄰下奎輝3-1號,親子友善,小孩｜小朋友｜家庭,1
北區,桃園市,2284,916,4,樂悠露營,桃園市復興區奎輝里2鄰下奎輝3-1號,景觀漂亮,湖景,1
北區,桃園市,2285,916,4,樂悠露營,桃園市復興區奎輝里2鄰下奎輝3-1號,廁所整潔,乾淨｜廁所,1
北區,桃園市,2286,916,4,樂悠露營,桃園市復興區奎輝里2鄰下奎輝3-1號,營主用心經營,營主,1
北區,桃園市,2287,916,4,樂悠露營,桃園市復興區奎輝里2鄰下奎輝3-1號,服務態度佳,推薦｜建議｜提醒,1
北區,桃園市,2303,922,4,樂野露營區,桃園市復興區華陵村11鄰180-11號,廁所整潔,不錯｜乾淨｜廁所｜很棒,1
北區,桃園市,2309,925,4,樹不老休閒莊園,桃園市復興區,免搭帳篷(懶人露營),免裝備｜帳篷｜裝備,1
北區,桃園市,2310,925,4,樹不老休閒莊園,桃園市復興區,景觀漂亮,山景｜美景｜風景,1
北區,桃園市,2311,925,4,樹不老休閒莊園,桃園市復興區,服務態度佳,主人｜熱情｜親切｜營主｜用心,1
北區,桃園市,2312,925,4,樹不老休閒莊園,桃園市復興區,營主用心經營,主人｜熱情｜親切｜營主｜用心,1
北區,桃園市,2360,940,4,比亞山露營區,桃園市復興區,親子友善,小孩｜小朋友｜釣魚｜魚池,1
北區,桃園市,2361,940,4,比亞山露營區,桃園市復興區,廁所整潔,乾淨｜廁所,1
北區,桃園市,2362,940,4,比亞山露營區,桃園市復興區,淋浴設備佳,浴室｜熱水,1
北區,桃園市,2363,940,4,比亞山露營區,桃園市復興區,營主用心經營,主人｜營主｜用心｜熱情｜招待,1
北區,桃園市,2364,940,4,比亞山露營區,桃園市復興區,適合團體或家族出遊,包場｜露友｜適合,1
北區,桃園市,2374,943,4,比該溪生態露營區,桃園市復興區9鄰89-1號,廁所整潔,乾淨｜廁所,1
北區,桃園市,2375,943,4,比該溪生態露營區,桃園市復興區9鄰89-1號,電信訊號良好,訊號｜網路,1
北區,桃園市,2376,943,4,比該溪生態露營區,桃園市復興區9鄰89-1號,營地維護佳,營地｜環境｜生態｜美麗,1
北區,桃園市,2377,943,4,比該溪生態露營區,桃園市復興區9鄰89-1號,營主用心經營,營主,1
北區,桃園市,2390,948,4,水樂活親子農場,桃園市中壢區福達路二段628號,親子友善,孩子｜小孩｜戲區｜親子｜活動｜釣魚｜魚池,1
北區,桃園市,2391,948,4,水樂活親子農場,桃園市中壢區福達路二段628號,廁所整潔,乾淨｜廁所,1
北區,桃園市,2413,954,4,沄峰農場,桃園市復興區華陵村10鄰143之22號,景觀漂亮,夜景｜日出｜景色｜美景｜風景,1
