region,county_name,address,campground_emotion_ID,campground_ID,camping_site_name,campground_category,hot,negative_ratio,positive_ratio,hot_but_negative,count
北區,台北市,台北市士林區德行東路81巷15弄,158,405,すず,好評,,,,,1
北區,台北市,台北市北投區竹子湖路1-10號,188,435,中華民國童軍苗圃營地,普通,,0.0,1.0,,1
北區,台北市,台北市中山區一段民生東路9樓29號,401,648,客泊樂 Kamper Land,好評,,0.05,0.95,,1
北區,台北市,台北市內湖區碧山路26-6號,826,1074,碧山露營場,普通,Hot,0.11,0.89,,1
北區,台北市,台北市萬華區萬大路底號華中河濱公園(左區,942,1190,華中露營場,差評,Hot,0.59,0.41,熱門但負評比例超過50%,1
北區,台北市,台北市士林區菁山路101巷71弄16號,967,1215,蟬說: 暖硫 Chanshuo Warm Flow Glamping,普通,Hot,0.04,0.96,,1
北區,台北市,台北市北投區秀山路85巷80號,989,1237,貴子坑露營場,普通,Hot,0.12,0.88,,1
北區,台北市,台北市士林區菁山路101巷71弄16號,1085,1333,陽明山菁山遊憩區露營區,普通,,0.11,0.89,,1
北區,台北市,台北市大同區民生西路8樓432號,1120,1368,露營車出租(預約送到府)雙北,好評,,0.02,0.98,,1
北區,新北市,新北市平溪區靜安路三段391號,13,40,十分自然露營區,普通,Hot,0.2,0.8,,1
北區,新北市,新北市烏來區大羅蘭七號,30,86,大羅蘭,,,0.26,0.74,,1
北區,新北市,新北市烏來區大羅蘭19之1號,82,242,福山達卡露營區,差評,,0.24,0.76,,1
北區,新北市,新北市三芝區北勢子19號,116,363,19庄-海景露營庄園,差評,,0.21,0.79,,1
北區,新北市,新北市三峽區153-1號,174,421,三峽樂樂谷車泊車宿木屋露營烤肉園區,差評,Hot,0.37,0.63,,1
北區,新北市,新北市三芝區芝蘭路62之5號,179,426,三芝老農夫農場,普通,Hot,0.16,0.84,,1
北區,新北市,新北市貢寮區仁和路21號,189,436,丹內丹內野奢莊園 DANNEI GLAMPING,好評,Hot,0.08,0.92,,1
北區,新北市,新北市雙溪區UnnamedRd,253,500,十三層營地,差評,,0.22,0.78,,1
北區,新北市,新北市石門區下員坑15號,259,506,半島秘境,差評,Hot,0.5,0.5,熱門但負評比例超過50%,1
北區,新北市,新北市坪林區大粗坑6之1號,329,576,坪安潭營地,差評,,0.24,0.76,,1
北區,新北市,新北市坪林區大舌湖30號,362,609,大舌湖營地,差評,,0.22,0.78,,1
北區,新北市,新北市新店區平廣路一段241號,437,684,山中居私人別墅露營區,普通,,0.0,1.0,,1
北區,新北市,新北市三峽區建安路112-1號,451,698,山水畔休閒生態園區,普通,Hot,0.1,0.9,,1
北區,新北市,新北市雙溪區三叉坑4號,462,709,山間小露,普通,,0.08,0.92,,1
北區,新北市,新北市淡水區之12號,484,731,幸福山林巴,普通,,0.18,0.82,,1
北區,新北市,新北市雙溪區,488,735,張家莊,差評,Hot,0.2,0.8,,1
北區,新北市,新北市三峽區建安路75-5號,509,756,恬緣烤肉露營區,差評,,0.21,0.79,,1
北區,新北市,新北市新店區湖子內路100號,548,795,文山農場,差評,,0.09,0.91,,1
北區,新北市,新北市石碇區,550,797,新北市石碇童軍營地,差評,,,,,1
北區,新北市,新北市坪林區2號,553,800,新石門營地,差評,,0.4,0.6,,1
北區,新北市,新北市三峽區有木里193號,613,860,有木里辦公處,普通,,0.0,1.0,,1
北區,新北市,新北市林口區,633,880,林口北堤大風車,普通,,0.1,0.9,,1
北區,新北市,新北市烏來區金堰92號,643,890,桶壁角露營區,普通,,0.04,0.96,,1
北區,新北市,新北市坪林區磨壁潭10-1號,705,953,永賓露營區,差評,,0.43,0.57,,1
北區,新北市,新北市烏來區西羅岸路132號,723,971,泰雅巴萊部落村,普通,Hot,0.06,0.94,,1
北區,新北市,新北市坪林區新北市坪林區漁光里粗石斛6之2號,741,989,清泉水頭營地,差評,,0.17,0.83,,1
北區,新北市,新北市五股區新五路二段70號,748,996,準休閒農場,,Hot,0.07,0.93,,1
北區,新北市,新北市烏來區信福路120巷18號,759,1007,烏來967高地露營區,普通,,0.04,0.96,,1
北區,新北市,新北市淡水區奎柔山路189號,796,1044,甜蜜點休閒莊園Sweet Spot Village,差評,,0.23,0.77,,1
北區,新北市,新北市三峽區竹崙路95巷1號,807,1055,皇后鎮森林三峽,差評,Hot,0.34,0.66,,1
北區,新北市,新北市萬里區大鵬街111號,808,1056,皇后鎮森林金山,差評,Hot,0.33,0.67,,1
北區,新北市,新北市石門區UnnamedRoad,825,1073,碉堡露營區,普通,Hot,0.1,0.9,,1
北區,新北市,新北市烏來區卡拉模基2號,834,1082,福山緣,差評,,0.35,0.65,,1
北區,新北市,新北市烏來區西羅岸路132之5號,871,1119,給樹營地,普通,Hot,0.0,1.0,,1
北區,新北市,新北市金山區三重橋22號,873,1121,綠峰渡假山莊,差評,Hot,0.33,0.67,,1
北區,新北市,新北市坪林區石槽50號,876,1124,綠野山林 (成家營地),普通,Hot,0.23,0.77,,1
北區,新北市,新北市瑞芳區,905,1153,自在草堂露營車改裝,普通,,0.17,0.83,,1
北區,新北市,新北市坪林區坪雙路一段102號,929,1177,茶香地營地,普通,,0.18,0.82,,1
北區,新北市,新北市坪林區,930,1178,茶香村之旅露營區,差評,,0.22,0.78,,1
北區,新北市,新北市金山區兩湖里2鄰,949,1197,葵扇湖休閒農場,差評,Hot,0.15,0.85,,1
北區,新北市,新北市坪林區,953,1201,蕃米力親子營地(原月牙灣),普通,,0.17,0.83,,1
北區,新北市,新北市三峽區號,1000,1248,車床天地,普通,,0.1,0.9,,1
北區,新北市,新北市烏來區金堰115巷10之1號,1008,1256,迴山里 GLAMPING,普通,,0.05,0.95,,1
北區,新北市,新北市金山區仔5-2號,1052,1300,金山驛境 Gold Mountain Ranch Town,普通,Hot,0.26,0.74,,1
北區,新北市,新北市坪林區金瓜寮19之1號,1060,1308,鐵馬新樂園,普通,Hot,0.08,0.92,,1
北區,新北市,新北市新店區新潭路二段25號,1063,1311,長青谷大自然園區,差評,Hot,0.58,0.42,熱門但負評比例超過50%,1
北區,新北市,新北市坪林區48之1號,1123,1371,青山營地,,,0.17,0.83,,1
北區,新北市,新北市烏來區,1128,1376,頭目山水,好評,,0.33,0.67,,1
北區,新北市,新北市雙溪區過溪3-1號,1170,1418,黑金大閘蟹的家,普通,,0.11,0.89,,1
北區,新北市,新北市貢寮區興隆街100號,1175,1423,龍門露營渡假基地,差評,Hot,0.24,0.76,,1
北區,基隆市,基隆市暖暖區東勢街221號,137,384,LAPOPO 拉波波村,,Hot,0.18,0.82,,1
北區,桃園市,桃園市復興區三光里爺亨段410地號,12,36,利河伯休閒農園露營區,普通,,0.07,0.93,,1
北區,桃園市,桃園市復興區華陵里中心路86巷11號,16,51,古渡園地,普通,,0.04,0.96,,1
北區,桃園市,桃園市復興區,22,62,和平橋露營區,普通,,0.07,0.93,,1
北區,桃園市,桃園市復興區奎輝里8鄰嘎色鬧23號,25,70,蜻蜓露營區-嘎色鬧,普通,,0.08,0.92,,1
北區,桃園市,桃園市復興區羅浮里羅馬路一段301之6號,27,75,培雅境休閒露營區,,,0.28,0.72,,1
北區,桃園市,桃園市復興區,35,102,尹宿納,好評,,0.02,0.98,,1
北區,桃園市,桃園市復興區7鄰1之12號,40,111,山豬王露營區,差評,,0.52,0.48,,1
北區,桃園市,桃園市復興區,43,121,庫司景觀露營區,普通,Hot,0.13,0.87,,1
北區,桃園市,桃園市復興區華陵里巴崚8鄰55之2號,45,126,得拉互,普通,,0.12,0.88,,1
北區,桃園市,桃園市復興區高義里七鄰10之3號,48,142,戀戀雅渡農場,普通,,0.12,0.88,,1
北區,桃園市,桃園市復興區,55,165,木河谷,普通,,0.07,0.93,,1
北區,桃園市,桃園市復興區中心路86巷,58,168,杉與山露營區,好評,,0.09,0.91,,1
北區,桃園市,桃園市復興區中心路華陵里148號,62,176,桃子菇菇休閒農莊,,,0.25,0.75,,1
北區,桃園市,桃園市復興區高義蘭道路65之7號,68,197,歐陽莊園,普通,,0.03,0.97,,1
北區,桃園市,桃園市復興區高義村,70,199,比固花園,普通,Hot,0.18,0.82,,1
北區,桃園市,桃園市復興區華陵里8鄰40號,72,211,清清露營區,普通,,0.23,0.77,,1
北區,桃園市,桃園市復興區,76,223,爺亨溪岸,普通,,0.11,0.89,,1
北區,桃園市,桃園市復興區2號,83,247,米利漾,好評,,0.0,1.0,,1
北區,桃園市,桃園市復興區三光里爺亨35-1號,100,326,露薩休閒露營區,,,0.29,0.71,,1
北區,桃園市,桃園市復興區霞雲里5鄰成福路559號,103,335,飛督努露營區,差評,Hot,0.24,0.76,,1
北區,桃園市,桃園市復興區武崙路33號,108,344,高崗露營區,普通,,0.13,0.87,,1
北區,桃園市,桃園市復興區高義蘭道路65-9號,129,376,Colin 亞力山大露營區,普通,,0.11,0.89,,1
北區,桃園市,桃園市復興區16號,133,380,Hola吼辣露營農場,好評,,0.03,0.97,,1
北區,桃園市,桃園市復興區,167,414,一號地露營區,好評,,0.03,0.97,,1
北區,桃園市,桃園市復興區6鄰28之,181,428,上杉露營區,好評,,0.03,0.97,,1
北區,桃園市,桃園市復興區,198,445,亞霧香草營區,差評,,0.06,0.94,,1
北區,桃園市,桃園市復興區溪口路86號,200,447,享恩商店露營區,普通,,0.0,1.0,,1
北區,桃園市,桃園市新屋區港興路310號,201,448,享慢活 Double 5,,Hot,0.54,0.46,熱門但負評比例超過50%,1
北區,桃園市,桃園市復興區高義里雪霧鬧,211,458,伊萬農場露營區,普通,Hot,0.03,0.97,,1
北區,桃園市,桃園市龍潭區粗坑路622巷280號,213,460,休旅家 梧桐心境露營區,差評,,0.47,0.53,,1
北區,桃園市,桃園市龍潭區永昌路51巷18弄108之2號,223,470,兔子坑露營區,差評,,0.35,0.65,,1
北區,桃園市,桃園市復興區羅馬路三段238號,230,477,八度野溪,好評,,0.12,0.88,,1
北區,桃園市,桃園市復興區23號,270,517,卡普休閒農莊,差評,,0.19,0.81,,1
北區,桃園市,桃園市大園區埔心83-2號,271,518,卡果牧場,普通,,0.15,0.85,,1
北區,桃園市,桃園市復興區中心路160-7號,277,524,友善露營區,好評,,0.0,1.0,,1
北區,桃園市,桃園市龍潭區德湖街369號,279,526,叢林開始懶人露營區Glamping,好評,Hot,0.14,0.86,,1
北區,桃園市,桃園市復興區霞雲里4鄰佳志13-1號,312,559,喜樂麻谷烤肉露營休閒園區,普通,,0.16,0.84,,1
北區,桃園市,桃園市復興區溪口路16巷29號,330,577,基拉耳山莊,普通,Hot,0.04,0.96,,1
北區,桃園市,桃園市復興區中心路315號,333,580,拉拉山 塔曼之光露營區,好評,,0.26,0.74,,1
北區,桃園市,桃園市復興區10鄰29之5號,334,581,塔木休閒露營區,好評,,0.0,1.0,,1
北區,桃園市,桃園市復興區卡普,338,585,壘薩露營區,好評,,0.08,0.92,,1
北區,桃園市,桃園市復興區華陵里9鄰85號,347,594,拉拉山 夢想家園露營區,好評,,0.01,0.99,,1
北區,桃園市,桃園市復興區32號,355,602,大樹下露營區,普通,,0.1,0.9,,1
北區,桃園市,桃園市龍潭區悅華路100號,376,623,天成逸旅,普通,Hot,0.0,1.0,,1
北區,桃園市,桃園市復興區奎輝里5鄰12號,391,638,奎輝營地,差評,,0.48,0.52,,1
北區,桃園市,桃園市復興區一鄰號,436,683,山上陽光休閒農莊,普通,,0.09,0.91,,1
北區,桃園市,桃園市復興區成福路,440,687,山大王休閒農莊,差評,,0.19,0.81,,1
北區,桃園市,桃園市復興區中心路156號,463,710,山雲海露營農場,普通,,0.05,0.95,,1
北區,桃園市,桃園市復興區25之6號,479,726,布納星空露營區,好評,,0.06,0.94,,1
北區,桃園市,桃園市復興區庫志道路31-3號,487,734,庫巴露營區,普通,Hot,0.09,0.91,,1
北區,桃園市,桃園市復興區華陵里巴崚143之1號,508,755,恩愛農場露營地,普通,Hot,0.13,0.87,,1
北區,桃園市,桃園市復興區霞雲里佳志14之1號,529,776,拉嘎露營區,差評,,0.0,1.0,,1
北區,桃園市,桃園市復興區高義村雪霧鬧7鄰10-8號,539,786,摩亞露營區,普通,,0.11,0.89,,1
北區,桃園市,桃園市復興區,559,806,施工中暫停服務,好評,,0.0,1.0,,1
北區,桃園市,桃園市復興區,639,886,桃園•復興露營區,,,0.19,0.81,,1
北區,桃園市,桃園市龍潭區民治路100號,640,887,桃園市龍潭區石門國民小學第二校區,差評,,0.18,0.82,,1
北區,桃園市,桃園市大溪區福山一路118-1號,656,904,森森親子露營區,普通,Hot,0.15,0.85,,1
北區,桃園市,桃園市復興區奎輝里2鄰下奎輝3-1號,668,916,樂悠露營,普通,Hot,0.13,0.87,,1
北區,桃園市,桃園市復興區華陵村11鄰180-11號,674,922,樂野露營區,,,0.18,0.82,,1
北區,桃園市,桃園市復興區,677,925,樹不老休閒莊園,好評,,0.02,0.98,,1
北區,桃園市,桃園市復興區,692,940,比亞山露營區,好評,,0.02,0.98,,1
北區,桃園市,桃園市復興區9鄰89-1號,695,943,拉拉山 比該溪生態露營區,差評,,0.16,0.84,,1
北區,桃園市,桃園市中壢區福達路二段628號,700,948,水樂活親子農場,,Hot,0.32,0.68,,1
北區,桃園市,桃園市復興區華陵村10鄰143之22號,706,954,沄峰農場,差評,,0.16,0.84,,1
北區,桃園市,桃園市復興區6鄰21號,711,959,沒搞頭露營區,好評,,0.05,0.95,,1
北區,桃園市,桃園市復興區2號,724,972,泰雅秘境露營區,好評,,0.27,0.73,,1
北區,桃園市,桃園市復興區流霞路50號,743,991,清龍谷渡假中心,,Hot,0.09,0.91,,1
北區,桃園市,桃園市復興區羅馬路二段268號,749,997,溪口台露營渡假園區(部落體驗&旅居車),普通,Hot,0.01,0.99,,1
北區,桃園市,桃園市復興區12號,752,1000,溫度露營區,好評,,0.03,0.97,,1
北區,桃園市,桃園市復興區,764,1012,熊老大露營區,好評,Hot,0.05,0.95,,1
北區,桃園市,桃園市復興區爺亨道路24號,768,1016,爺亨溫泉夢幻莊園露營區,普通,,0.14,0.86,,1
北區,桃園市,桃園市復興區羅馬路五段330號,822,1070,石秀灣五葉松露營區,好評,,0.09,0.91,,1
北區,桃園市,桃園市復興區庫志道路11鄰24號,836,1084,福田美地,好評,,0.02,0.98,,1
北區,桃園市,桃園市大溪區環湖路二段185巷106號,840,1088,禾煦山行嶼,好評,,0.0,1.0,,1
北區,桃園市,桃園市大溪區中華路369巷33號,872,1120,綠境農場,好評,,0.05,0.95,,1
北區,桃園市,桃園市大溪區美山路一段號166巷65號,874,1122,綠果子休憩站,差評,Hot,0.4,0.6,,1
北區,桃園市,桃園市復興區11鄰75號,888,1136,美腿山親子露營區,好評,,0.05,0.95,,1
北區,桃園市,桃園市復興區,891,1139,翠墨莊園,,Hot,0.3,0.7,,1
北區,桃園市,桃園市復興區141-9號,911,1159,芘雅尚露營區,普通,,0.09,0.91,,1
北區,桃園市,桃園市復興區2鄰合流48之8號,948,1196,葛鹿營地,普通,,0.13,0.87,,1
北區,桃園市,桃園市楊梅區幼獅路一段東南側439號,950,1198,蒝區,普通,,0.18,0.82,,1
北區,桃園市,桃園市復興區色霧鬧7鄰10-20號,960,1208,蘋果農莊,普通,Hot,0.02,0.98,,1
北區,桃園市,桃園市復興區羅浮里4鄰羅浮92號,964,1212,蝶木窩露營休閒坊,普通,,0.04,0.96,,1
北區,桃園市,桃園市復興區13號,965,1213,融奎霖休閒露營區,差評,,0.46,0.54,,1
北區,桃園市,桃園市復興區14鄰143-7號,975,1223,觀星營地,差評,,0.17,0.83,,1
北區,桃園市,桃園市復興區義盛村10鄰義興29號,981,1229,谷力農場,差評,,0.16,0.84,,1
北區,桃園市,桃園市復興區30-3號,988,1236,貳柒珈琲露營區,差評,,0.2,0.8,,1
北區,桃園市,桃園市復興區,1010,1258,逍遙遊秘境露營區,普通,,0.09,0.91,,1
北區,桃園市,桃園市復興區庫志道路32號,1019,1267,達彥休閒露營區,好評,,0.16,0.84,,1
北區,桃園市,桃園市復興區,1020,1268,達拉蓋,好評,,0.07,0.93,,1
北區,桃園市,桃園市復興區中心路86巷28號,1025,1273,拉拉山 遠見之星露營區,差評,,0.23,0.77,,1
北區,桃園市,桃園市復興區9-6號,1027,1275,那山達雅賀,好評,,0.08,0.92,,1
北區,桃園市,桃園市復興區8鄰26號,1037,1285,鄉露營地,好評,,0.05,0.95,,1
北區,桃園市,桃園市復興區中心路138-2號,1061,1309,長榮果園露營區,普通,,0.05,0.95,,1
北區,桃園市,桃園市復興區長興里17鄰54號,1062,1310,長興山水靜露營區,差評,Hot,0.41,0.59,,1
北區,桃園市,桃園市復興區華陵里華陵村11鄰180號,1071,1319,阿爸的故事,普通,,0.18,0.82,,1
北區,桃園市,桃園市復興區華陵里9鄰69號,1089,1337,拉拉山 雅比斯露營區,差評,,0.08,0.92,,1
北區,桃園市,桃園市復興區三光段122地號果園,1090,1338,雅緻露營區,好評,,0.06,0.94,,1
北區,桃園市,桃園市復興區中心路,1100,1348,拉拉山 雲河露營農場,好評,,0.13,0.87,,1
北區,桃園市,桃園市復興區色霧鬧10-21號,1106,1354,雲霧農場,普通,Hot,0.05,0.95,,1
北區,桃園市,桃園市復興區,1135,1383,飛鼠不渴山上學校露營農場,普通,Hot,0.1,0.9,,1
北區,桃園市,桃園市復興區霞雲里,1139,1387,馬灣露營區,好評,,0.15,0.85,,1
北區,桃園市,桃園市復興區,1142,1390,馬莎度露營區,好評,,0.14,0.86,,1
北區,桃園市,桃園市復興區11鄰180號,1143,1391,馬野露營地,差評,,0.33,0.67,,1
北區,桃園市,桃園市復興區5號,1144,1392,高坡金磐石露營區,好評,,0.01,0.99,,1
北區,桃園市,桃園市復興區神木路193-2號,1197,1445,拉拉山 天恩農場,差評,,,,,1
北區,桃園市,桃園市復興區,1198,1446,拉拉山 微風山崚,好評,,,,,1
北區,桃園市,桃園市復興區華陵里中心路138-2號,1199,1447,拉拉山 長榮露營區,差評,,,,,1
北區,桃園市,桃園市復興區霞雲里流霞路86號,1214,1462,歡樂谷露營區,差評,,,,,1
北區,桃園市,桃園市中壢區福達路二段628號,1216,1464,水樂活親子農場,差評,Hot,,,,1
北區,桃園市,桃園市復興區霞雲里5鄰佳志19-6號,1237,1485,逍遙遊秘境露營區,好評,,,,,1
北區,苗栗縣,苗栗縣三灣鄉北埔村小北埔7鄰2-13號,6,18,三灣水漾森林露營區,普通,,0.08,0.92,,1
北區,苗栗縣,苗栗縣泰安鄉,7,22,云仙谷休閒露營區,普通,,0.0,1.0,,1
北區,苗栗縣,苗栗縣泰安鄉八卦村3鄰53號,8,26,亞哇斯露營區,普通,,0.08,0.92,,1
北區,苗栗縣,苗栗縣泰安鄉,10,30,伊夕尚露營區,普通,,0.05,0.95,,1
北區,苗栗縣,苗栗縣南庄鄉田美村7鄰田美125-1號,14,41,南庄 鳳凰谷,普通,Hot,0.08,0.92,,1
北區,苗栗縣,苗栗縣泰安鄉中興村5鄰司馬限18之10號,17,57,司馬限360度景觀,普通,Hot,0.3,0.7,,1
北區,苗栗縣,苗栗縣泰安鄉中興村,18,58,司馬限山嵐,普通,Hot,0.16,0.84,,1
北區,苗栗縣,苗栗縣南庄鄉,21,61,吻吻露營區,普通,,0.15,0.85,,1
北區,苗栗縣,苗栗縣泰安鄉梅園村4鄰天狗7之6號,32,90,好地方露營區,普通,,0.06,0.94,,1
北區,苗栗縣,苗栗縣通霄鎮圳頭里2鄰圳頭23之6號,37,104,山峰點伙露營區,普通,,0.22,0.78,,1
北區,苗栗縣,苗栗縣獅潭鄉新豐村八角坑34號,41,114,巧遇露營區,好評,Hot,0.03,0.97,,1
北區,苗栗縣,苗栗縣泰安鄉大興村4鄰61-7號,66,187,楓李小棧,普通,Hot,0.25,0.75,,1
北區,苗栗縣,苗栗縣泰安鄉錦水村10鄰橫龍山64之36號,69,198,武嵐露營區,好評,Hot,0.17,0.83,,1
北區,苗栗縣,苗栗縣泰安鄉大興村,85,254,綠野雲仙露營區,差評,,0.46,0.54,,1
北區,苗栗縣,苗栗縣南庄鄉東河村21鄰石壁22號,87,278,蘿菈松靜露營區,普通,Hot,0.12,0.88,,1
北區,苗栗縣,苗栗縣泰安鄉清安村12鄰109之12號,90,283,豐之優露營區,普通,Hot,0.0,1.0,,1
北區,苗栗縣,苗栗縣泰安鄉梅園村2鄰66-25號,92,292,逢雲露營區,普通,,0.0,1.0,,1
北區,苗栗縣,苗栗縣泰安鄉大興村５鄰47之6號,94,295,遊牧民族露營區,普通,Hot,0.3,0.7,,1
北區,苗栗縣,苗栗縣公館鄉,97,306,開礦露營區,好評,,0.0,1.0,,1
北區,苗栗縣,苗栗縣卓蘭鎮27-1號,115,362,1961的星空,普通,Hot,0.29,0.71,,1
北區,苗栗縣,苗栗縣大湖鄉竹橋1F20號,128,375,Coffee Industry,普通,,0.15,0.85,,1
北區,苗栗縣,苗栗縣泰安鄉93之,156,403,UP露營區,差評,,0.15,0.85,,1
北區,苗栗縣,苗栗縣泰安鄉4鄰69-1號,165,412,一片天,差評,,0.22,0.78,,1
北區,苗栗縣,苗栗縣南庄鄉5鄰64-2號,166,413,一畝稻田露營區,普通,Hot,0.03,0.97,,1
北區,苗栗縣,苗栗縣三義鄉雙連潭道路9鄰199號,182,429,不遠山莊,差評,Hot,0.48,0.52,,1
北區,苗栗縣,苗栗縣南庄鄉大湳聯絡道路二,261,508,南山傳奇,好評,,0.19,0.81,,1
北區,苗栗縣,苗栗縣南庄鄉4灣22鄰77號,262,509,南庄山居蘭園木屋民宿 露營區,差評,Hot,0.17,0.83,,1
北區,苗栗縣,苗栗縣南庄鄉南江村17鄰30號,263,510,林泉休閒露營區,差評,,0.43,0.57,,1
北區,苗栗縣,苗栗縣南庄鄉小東河11號,264,511,南庄麒麟山露營區,差評,,0.12,0.88,,1
北區,苗栗縣,苗栗縣泰安鄉司馬限5鄰20號,294,541,司馬限雲端露營區,普通,Hot,0.07,0.93,,1
北區,苗栗縣,苗栗縣大湖鄉,320,567,四季非露不可親子露營區,好評,Hot,0.04,0.96,,1
北區,苗栗縣,苗栗縣銅鑼鄉盛隆5鄰45-20號,328,575,坐忘草堂露營區,好評,,0.0,1.0,,1
北區,苗栗縣,苗栗縣大湖鄉,341,588,夏綠地露營區,好評,Hot,0.03,0.97,,1
北區,苗栗縣,苗栗縣南庄鄉館8鄰142之18號,394,641,如是露營區 ️,普通,,0.22,0.78,,1
北區,苗栗縣,苗栗縣泰安鄉,405,652,寬闊露營區,好評,,0.06,0.94,,1
北區,苗栗縣,苗栗縣獅潭鄉和興39-1號,411,658,小岔路露營區,普通,Hot,0.16,0.84,,1
北區,苗栗縣,苗栗縣公館鄉尖山74-1號,412,659,小日子露營區,好評,Hot,0.0,1.0,,1
北區,苗栗縣,苗栗縣泰安鄉,415,662,小牛露營區,普通,,0.07,0.93,,1
北區,苗栗縣,苗栗縣造橋鄉,431,678,山Chill,好評,,0.03,0.97,,1
北區,苗栗縣,苗栗縣泰安鄉清安村洗水坑大坪部落,443,690,山居營地,普通,,0.0,1.0,,1
北區,苗栗縣,苗栗縣南庄鄉東江1鄰1鄰9號,444,691,山川密境露營區,好評,,0.0,1.0,,1
北區,苗栗縣,苗栗縣泰安鄉,471,718,嶺秀休閒景觀露營民宿 包棟烤肉 包區露營 露營區推薦,好評,,0.06,0.94,,1
北區,苗栗縣,苗栗縣南庄鄉福南17鄰50號,472,719,川夏野奢露營區,好評,Hot,0.0,1.0,,1
北區,苗栗縣,苗栗縣南庄鄉,480,727,帆船村露營區,好評,Hot,0.03,0.97,,1
北區,苗栗縣,苗栗縣大湖鄉十鄰8號,511,758,悠活憶境景觀露營區,普通,,0.09,0.91,,1
北區,苗栗縣,苗栗縣南庄鄉,528,775,承社露營區(南庄),普通,,0.0,1.0,,1
北區,苗栗縣,苗栗縣公館鄉開礦2626號,533,780,拍片場露營地,普通,Hot,0.05,0.95,,1
北區,苗栗縣,苗栗縣南庄鄉13號,538,785,搭漾露營區,好評,Hot,0.0,1.0,,1
北區,苗栗縣,苗栗縣南庄鄉大㓓14鄰30號,544,791,撒萬露營區,好評,,0.08,0.92,,1
北區,苗栗縣,苗栗縣泰安鄉大興村高熊卡4鄰61-8號,546,793,放牛吃草露營區,普通,Hot,0.07,0.93,,1
北區,苗栗縣,苗栗縣南庄鄉號,565,812,日杉林露營區,普通,,0.08,0.92,,1
北區,苗栗縣,苗栗縣南庄鄉南江村里金館8鄰25號,578,825,星原谷露營區,普通,Hot,0.16,0.84,,1
北區,苗栗縣,苗栗縣泰安鄉68號,583,830,星樂親子露營,差評,,0.06,0.94,,1
北區,苗栗縣,苗栗縣通霄鎮4鄰42號,586,833,星空夜語露營地,普通,,0.2,0.8,,1
北區,苗栗縣,苗栗縣南庄鄉76號,601,848,晴園山莊露營區民宿,好評,Hot,0.08,0.92,,1
北區,苗栗縣,苗栗縣泰安鄉29之5號,610,857,有bear來 休閒露營區,好評,Hot,0.07,0.93,,1
北區,苗栗縣,苗栗縣南庄鄉鹿場部落24鄰11號,614,861,有鬼露營區,好評,,0.19,0.81,,1
北區,苗栗縣,苗栗縣泰安鄉33-,617,864,朵悠露營區,普通,,0.03,0.97,,1
北區,苗栗縣,苗栗縣公館鄉尖山40號,641,888,桃樂絲露營區,好評,Hot,0.06,0.94,,1
北區,苗栗縣,苗栗縣卓蘭鎮36-29號,651,898,森日快樂露營區,普通,Hot,0.22,0.78,,1
北區,苗栗縣,苗栗縣公館鄉,678,926,橄欖莊園,好評,,0.17,0.83,,1
北區,苗栗縣,苗栗縣卓蘭鎮西坪路43-15號,679,927,橘舍三食,好評,Hot,0.03,0.97,,1
北區,苗栗縣,苗栗縣卓蘭鎮,701,949,水玉妮光GC,普通,Hot,0.05,0.95,,1
北區,苗栗縣,苗栗縣南庄鄉18鄰9號,704,952,水與樹莊園,普通,Hot,0.29,0.71,,1
北區,苗栗縣,苗栗縣南庄鄉南江村小東河14鄰8-1號,713,961,河岸星空 露營地,普通,Hot,0.1,0.9,,1
北區,苗栗縣,苗栗縣泰安鄉清安村8鄰,719,967,泰安仙境露營區,好評,Hot,0.0,1.0,,1
北區,苗栗縣,苗栗縣泰安鄉大興村,720,968,泰安嗎哪露營區,普通,,0.22,0.78,,1
北區,苗栗縣,苗栗縣泰安鄉梅興道路,727,975,浮岸別境(Buan Byacing.),好評,,0.23,0.77,,1
北區,苗栗縣,苗栗縣大湖鄉,794,1042,瑪那邦之星,普通,Hot,0.06,0.94,,1
北區,苗栗縣,苗栗縣泰安鄉,810,1058,目上景露營區,普通,Hot,0.12,0.88,,1
北區,苗栗縣,苗栗縣泰安鄉清安村3鄰小南角66號,814,1062,瞭望角景觀民宿露營區,普通,,0.19,0.81,,1
北區,苗栗縣,苗栗縣三灣鄉12號,829,1077,神農渡假農場,差評,Hot,0.15,0.85,,1
北區,苗栗縣,苗栗縣大湖鄉,839,1087,禾森 Ichigo 露營區,普通,,0.12,0.88,,1
北區,苗栗縣,苗栗縣南庄鄉,843,1091,秘境露營區,普通,Hot,0.0,1.0,,1
北區,苗栗縣,苗栗縣獅潭鄉,854,1102,窩野鄉趣露營區,普通,,0.08,0.92,,1
北區,苗栗縣,苗栗縣南庄鄉五鄰紅毛館66號,866,1114,紅毛印象露營窩P1,普通,,0.22,0.78,,1
北區,苗栗縣,苗栗縣大湖鄉大南村8鄰大南勢34-1號,870,1118,紮營趣,普通,Hot,0.07,0.93,,1
北區,苗栗縣,苗栗縣364苗栗縣大湖鄉新開村新開5鄰12-1號,895,1143,老官道休閒農場,普通,Hot,0.17,0.83,,1
北區,苗栗縣,苗栗縣卓蘭鎮西坪36-20號,906,1154,自然圈農場 LoFi Land,差評,Hot,0.09,0.91,,1
北區,苗栗縣,苗栗縣泰安鄉,915,1163,花石間景觀露營區,普通,,0.0,1.0,,1
北區,苗栗縣,苗栗縣大湖鄉,924,1172,苗栗筑林居露營區,普通,Hot,0.03,0.97,,1
北區,苗栗縣,苗栗縣大湖鄉7號,925,1173,苗栗縣大湖鄉彩雲親子露營區,普通,Hot,0.11,0.89,,1
北區,苗栗縣,苗栗縣銅鑼鄉興隆村193號,926,1174,自由露營區,差評,,0.27,0.73,,1
北區,苗栗縣,苗栗縣頭屋鄉仁隆20鄰62號,934,1182,荒野半島露營區,好評,Hot,0.0,1.0,,1
北區,苗栗縣,苗栗縣泰安鄉大興村高熊卡4鄰57-5號,963,1211,虹杉露營區,普通,Hot,0.23,0.77,,1
北區,苗栗縣,苗栗縣公館鄉福星村227-1號,970,1218,衝到山上去放空,普通,,0.22,0.78,,1
北區,苗栗縣,苗栗縣南庄鄉東江38之12號,971,1219,裕見生活,差評,,0.0,1.0,,1
北區,苗栗縣,苗栗縣三灣鄉內灣村龍峎頂5-17號,1013,1261,逗點露營區,差評,Hot,0.29,0.71,,1
北區,苗栗縣,苗栗縣通霄鎮,1014,1262,通霄三合院農庒,普通,Hot,0.18,0.82,,1
北區,苗栗縣,苗栗縣苑裡鎮22-7號,1016,1264,逸山露營,好評,,0.0,1.0,,1
北區,苗栗縣,苗栗縣三灣鄉大銅鑼圈88號,1036,1284,鄉町露營區,好評,,0.3,0.7,,1
北區,苗栗縣,苗栗縣南庄鄉東村東江2鄰26號,1054,1302,金成露營渡假山莊,普通,Hot,0.14,0.86,,1
北區,苗栗縣,苗栗縣公館鄉仁安村仁安219-1號,1055,1303,金滿山露營山莊,普通,Hot,0.05,0.95,,1
北區,苗栗縣,苗栗縣銅鑼鄉竹森村3鄰15號,1058,1306,銅鑼田園河濱露營區,普通,,0.14,0.86,,1
北區,苗栗縣,苗栗縣泰安鄉清安村腦寮庄2號,1098,1346,雲朵朵露營區,普通,Hot,0.03,0.97,,1
北區,苗栗縣,苗栗縣大湖鄉9號,1105,1353,雲霧灣灣,好評,Hot,0.0,1.0,,1
北區,苗栗縣,苗栗縣泰安鄉馬那邦64號,1131,1379,風露營,普通,Hot,0.04,0.96,,1
北區,苗栗縣,苗栗縣南庄鄉,1136,1384,食水窩露營區,,,0.26,0.74,,1
北區,苗栗縣,苗栗縣泰安鄉小南角2鄰6號,1152,1400,鷂婆山露營區,,Hot,0.43,0.57,,1
北區,苗栗縣,苗栗縣南庄鄉鹿場聯絡道路24鄰14-2號,1157,1405,鹿場青松露營區(本部),普通,,0.2,0.8,,1
北區,苗栗縣,苗栗縣銅鑼鄉,1165,1413,黃金梯田露營地,普通,Hot,0.03,0.97,,1
北區,苗栗縣,苗栗縣南庄鄉南江村,1180,1428,上長崎露營區,差評,,,,,1
北區,苗栗縣,苗栗縣三義鄉龍騰村草排12鄰40號,1181,1429,五福山莊,差評,,,,,1
北區,苗栗縣,苗栗縣南庄鄉田美村4鄰72-6號,1182,1430,南庄慢生活露營區,差評,,,,,1
北區,苗栗縣,苗栗縣通霄鎮5鄰城南66-5號,1183,1431,南窩綠丘,差評,,,,,1
北區,苗栗縣,苗栗縣南庄鄉東河村向天湖17鄰18號,1187,1435,向天湖露營區,好評,,,,,1
北區,苗栗縣,苗栗縣大湖鄉武榮村坑美寮17之10號,1190,1438,四季非露不可,差評,Hot,,,,1
北區,苗栗縣,苗栗縣大湖鄉武榮村4鄰23-10號,1192,1440,天藍露營區,差評,,,,,1
北區,苗栗縣,苗栗縣南庄鄉東村南庄17鄰111號,1202,1450,春友彩虹民宿 餐廳 露營,差評,,,,,1
北區,苗栗縣,苗栗縣三義鄉双潭村崩山下16鄰88號,1203,1451,景庭露營區,差評,Hot,,,,1
北區,苗栗縣,苗栗縣苗栗市新英里1鄰新英9之1號,1206,1454,杜石地一號,差評,,,,,1
北區,苗栗縣,苗栗縣南庒鄉篷萊村紅毛館2鄰30號,1219,1467,清景農場,好評,,,,,1
北區,苗栗縣,苗栗縣三義鄉雙潭村16鄰崩山下38號,1222,1470,溫馨休閒農場,差評,,,,,1
北區,苗栗縣,苗栗縣泰安鄉清安村洗水坑118號,1227,1475,瑪都安露營區,差評,,,,,1
北區,苗栗縣,苗栗縣大湖鄉栗林村竹橋20號,1228,1476,石門客棧休閒農場露營區,差評,,,,,1
北區,苗栗縣,苗栗縣大湖鄉大南勢32-1號,1229,1477,福人居露營區,差評,,,,,1
北區,苗栗縣,苗栗縣泰安鄉大興村5鄰45號,1234,1482,藍天嶺露營區,差評,Hot,,,,1
北區,苗栗縣,苗栗縣卓蘭鎮坪林里坪林8鄰87號,1238,1486,逸香園農場,差評,,,,,1
北區,苗栗縣,苗栗縣南庄鄉東河村,1239,1487,達喇改露營區,好評,,,,,1
北區,苗栗縣,苗栗縣南庄鄉南江村福南23鄰25-1號,1244,1492,長青露營區,差評,,,,,1
北區,苗栗縣,苗栗縣卓蘭鎮坪林里坪林99-9號,1248,1496,頤生園,好評,,,,,1
北區,苗栗縣,苗栗縣泰安鄉清安村洗水坑114-8號,1249,1497,馬嘟溪露營基地,差評,,,,,1
北區,苗栗縣,苗栗縣後龍鎮福寧里頭湖6-2號,1253,1501,黃金好望角露營區,差評,,,,,1
北區,新竹縣,新竹縣尖石鄉新樂村,1,6,Payan露營區,普通,,0.19,0.81,,1
北區,新竹縣,新竹縣五峰鄉,24,69,嘉揚露營區,普通,,0.03,0.97,,1
北區,新竹縣,新竹縣五峰鄉花園村10鄰天湖218-11號,31,89,戀戀天湖,好評,Hot,0.14,0.86,,1
北區,新竹縣,新竹縣五峰鄉竹林村4鄰忠興91之5號,34,96,小米露營區,差評,,0.44,0.56,,1
北區,新竹縣,新竹縣五峰鄉桃山村18鄰311-37號,38,108,山的那一邊,普通,Hot,0.08,0.92,,1
北區,新竹縣,新竹縣五峰鄉205-6號,42,117,巴萬五峰,好評,,0.0,1.0,,1
北區,新竹縣,新竹縣關西鎮六曲窩188-8號,46,127,微居解秘,普通,,0.08,0.92,,1
北區,新竹縣,新竹縣關西鎮錦山里9鄰錦山99-9號,51,156,星墅露營窩,普通,Hot,0.0,1.0,,1
北區,新竹縣,新竹縣五峰鄉,52,159,星空下露營區,普通,Hot,0.18,0.82,,1
北區,新竹縣,新竹縣五峰鄉竹林村1鄰羅山23之2號,57,167,杉嵐營地,普通,,0.14,0.86,,1
北區,新竹縣,新竹縣五峰鄉桃山村,61,173,格步霧露營區,,Hot,0.36,0.64,,1
北區,新竹縣,新竹縣五峰鄉,63,179,梅后蔓露營區,好評,,0.01,0.99,,1
北區,新竹縣,新竹縣關西鎮9鄰96-3號,77,229,生活原鄉,普通,Hot,0.0,1.0,,1
北區,新竹縣,新竹縣五峰鄉,78,232,白蘭時光,好評,,0.06,0.94,,1
北區,新竹縣,新竹縣尖石鄉錦屏村2鄰比麟96號,79,235,相思園露營區,差評,,0.33,0.67,,1
北區,新竹縣,新竹縣五峰鄉花園村9鄰196號,86,268,花湖美地,普通,Hot,0.08,0.92,,1
北區,新竹縣,新竹縣尖石鄉嘉樂村14鄰160之1號,88,281,谷漢露營區,,,0.19,0.81,,1
北區,新竹縣,新竹縣五峰鄉天湖221-5號,96,303,鐵露局露營區,普通,Hot,0.07,0.93,,1
北區,新竹縣,新竹縣尖石鄉,98,308,閣馬雅農場,好評,,0.02,0.98,,1
北區,新竹縣,新竹縣關西鎮,104,338,馬武督露營趣,普通,Hot,0.23,0.77,,1
北區,新竹縣,新竹縣五峰鄉花園村四鄰78之1號,106,342,高山寨露營區,普通,,0.18,0.82,,1
北區,新竹縣,新竹縣關西鎮16鄰182號,118,365,435挑水少年家露營區,普通,,0.07,0.93,,1
北區,新竹縣,新竹縣尖石鄉水田道路台灣號139號,120,367,668露營區,普通,Hot,0.04,0.96,,1
北區,新竹縣,新竹縣五峰鄉竹林村1鄰羅山24-22號,126,373,B612 (夕淞度日) 生態露營場,普通,Hot,0.05,0.95,,1
北區,新竹縣,新竹縣竹東鎮五鄰,132,379,Hi 燥樹排 露營區,普通,,0.17,0.83,,1
北區,新竹縣,新竹縣五峰鄉花園村8鄰167-1號,136,383,KT露營區,好評,,0.08,0.92,,1
北區,新竹縣,新竹縣竹東鎮,168,415,一起•露,好評,,0.03,0.97,,1
北區,新竹縣,新竹縣關西鎮31號,203,450,享聚Glamping Party,普通,,0.03,0.97,,1
北區,新竹縣,新竹縣五峰鄉,204,451,享趣露營區,普通,,0.2,0.8,,1
北區,新竹縣,新竹縣五峰鄉仙境微醺莊園312-11號,206,453,仙境微醺莊園,好評,Hot,0.08,0.92,,1
北區,新竹縣,新竹縣尖石鄉錦屏村6鄰吹上39之,207,454,仙境露營區,普通,Hot,0.19,0.81,,1
北區,新竹縣,新竹縣尖石鄉玉峰47號,216,463,來！河繞露營區,普通,,0.06,0.94,,1
北區,新竹縣,新竹縣尖石鄉九鄰79-3號,218,465,依山傍水休閒露營區,普通,Hot,0.07,0.93,,1
北區,新竹縣,新竹縣橫山鄉中山街一段188-3號,225,472,內灣松林茶花露營區,差評,,0.33,0.67,,1
北區,新竹縣,新竹縣尖石鄉義興村9鄰107-1號,242,489,函館露營區,普通,Hot,0.4,0.6,,1
北區,新竹縣,新竹縣橫山鄉UnnamedRoad,251,498,北窩星空,普通,,0.14,0.86,,1
北區,新竹縣,新竹縣五峰鄉5鄰和平163號,305,552,哈娜露營區,普通,,0.0,1.0,,1
北區,新竹縣,新竹縣尖石鄉,311,558,喜嵐田園露營區,好評,,0.24,0.76,,1
北區,新竹縣,新竹縣五峰鄉,368,615,大霸雅脈露營區,普通,,0.0,1.0,,1
北區,新竹縣,新竹縣五峰鄉-,393,640,好麻吉私房景點露營區,好評,Hot,0.0,1.0,,1
北區,新竹縣,新竹縣尖石鄉61號,395,642,如果露營區,好評,,0.32,0.68,,1
北區,新竹縣,新竹縣尖石鄉61之8號,406,653,寶石蘭露營區,好評,,0.02,0.98,,1
北區,新竹縣,新竹縣尖石鄉,410,657,小尖石露營區,差評,,0.03,0.97,,1
北區,新竹縣,新竹縣關西鎮錦山99-6號,421,668,小農頂露營區,好評,,0.0,1.0,,1
北區,新竹縣,新竹縣尖石鄉1之1號,425,672,尖石之美露營渡假村,普通,Hot,0.15,0.85,,1
北區,新竹縣,新竹縣尖石鄉村5鄰270-5號,426,673,夢田,好評,,0.52,0.48,,1
北區,新竹縣,新竹縣五峰鄉23鄰471號,428,675,尤瑪山莊,差評,,0.3,0.7,,1
北區,新竹縣,新竹縣五峰鄉,441,688,山姆露營區,普通,,0.06,0.94,,1
北區,新竹縣,新竹縣尖石鄉2鄰51-1號,447,694,山林涼露營區,普通,,0.03,0.97,,1
北區,新竹縣,新竹縣關西鎮8鄰9號,492,739,彩虹田營地,普通,,0.14,0.86,,1
北區,新竹縣,新竹縣尖石鄉水田,505,752,怡德露營區,普通,,0.08,0.92,,1
北區,新竹縣,新竹縣尖石鄉梅花村,506,753,怡然自德,好評,,0.07,0.93,,1
北區,新竹縣,新竹縣尖石鄉義興村7鄰21號,507,754,恩典露營區,普通,,0.05,0.95,,1
北區,新竹縣,新竹縣尖石鄉123號,512,759,悠野's露營區,好評,Hot,0.11,0.89,,1
北區,新竹縣,新竹縣五峰鄉和平部落,524,771,戈巴侖露營區,普通,Hot,0.07,0.93,,1
北區,新竹縣,新竹縣尖石鄉新樂村,532,779,拉號部落野營地,普通,,0.2,0.8,,1
北區,新竹縣,新竹縣五峰鄉花園村9鄰196-2號,555,802,新竹·五峰露營區,,Hot,0.26,0.74,,1
北區,新竹縣,新竹縣橫山鄉35號,556,803,新竹內灣,普通,,0.15,0.85,,1
北區,新竹縣,新竹縣峨眉鄉環湖路8-8號,557,804,新竹縣峨眉湖吾家農場,差評,Hot,0.25,0.75,,1
北區,新竹縣,新竹縣五峰鄉竹林村,558,805,新竹舞蜜露營區,普通,,0.08,0.92,,1
北區,新竹縣,新竹縣新埔鎮52之20號,576,823,明園星空營地,普通,,0.26,0.74,,1
北區,新竹縣,新竹縣尖石鄉28-1號,588,835,星空漫漫 Starry sky,好評,Hot,0.05,0.95,,1
北區,新竹縣,新竹縣北埔鄉鄉下10鄰,591,838,星院露營區,好評,,0.12,0.88,,1
北區,新竹縣,新竹縣尖石鄉內灣老街在導航上山路線才是正確道路,600,847,景色天地露營區,普通,Hot,0.05,0.95,,1
北區,新竹縣,新竹縣尖石鄉那羅村煤源產業道路1.5公里右轉晴空小徑1.5公里,602,849,晴空森林露營區,差評,,0.27,0.73,,1
北區,新竹縣,新竹縣五峰鄉一鄰23-5號,612,859,有愛一家露營區,普通,Hot,0.24,0.76,,1
北區,新竹縣,新竹縣尖石鄉號,655,903,森林遇,普通,,0.1,0.9,,1
北區,新竹縣,新竹縣尖石鄉水田150之5號,665,913,樂奔露營區,普通,Hot,0.01,0.99,,1
北區,新竹縣,新竹縣關西鎮六區窩道路,675,923,樸真園六曲窩生態園區,普通,Hot,0.1,0.9,,1
北區,新竹縣,新竹縣五峰鄉鄰(臨270之1號,680,928,櫻之林休閒農場,差評,,0.44,0.56,,1
北區,新竹縣,新竹縣尖石鄉水田4鄰36-1號,682,930,櫻花谷露營區,普通,Hot,0.05,0.95,,1
北區,新竹縣,新竹縣尖石鄉2鄰,683,931,歐莎露營區,好評,,0.07,0.93,,1
北區,新竹縣,新竹縣五峰鄉25號,693,941,比拉多露營區,好評,,0.03,0.97,,1
北區,新竹縣,新竹縣尖石鄉水田道路64-1號,702,950,水田六四露營區,普通,,0.24,0.76,,1
北區,新竹縣,新竹縣尖石鄉3鄰24號,722,970,玉峰 泰里埔露營區,差評,,0.27,0.73,,1
北區,新竹縣,新竹縣尖石鄉那羅209之七,765,1013,熊麻吉親子露營區,差評,,0.2,0.8,,1
北區,新竹縣,新竹縣五峰鄉鄰47之5號,799,1047,田秘的家露營區,,,0.31,0.69,,1
北區,新竹縣,新竹縣橫山鄉104號,837,1085,福興小農庄,好評,,0.19,0.81,,1
北區,新竹縣,新竹縣尖石鄉錦屏村12鄰那羅209號,844,1092,秘花園親子露營區,普通,Hot,0.1,0.9,,1
北區,新竹縣,新竹縣五峰鄉310-3號,845,1093,移動城堡露營區,普通,Hot,0.16,0.84,,1
北區,新竹縣,新竹縣竹東鎮,846,1094,穎築仙谷,好評,,0.0,1.0,,1
北區,新竹縣,新竹縣五峰鄉花園村天湖219-17號,850,1098,空軍一號,好評,,0.04,0.96,,1
北區,新竹縣,新竹縣五峰鄉羅山1鄰4-9號,852,1100,窩.露營,普通,Hot,0.04,0.96,,1
北區,新竹縣,新竹縣橫山鄉新興街62巷67號,853,1101,窩邊草露營區,普通,,0.09,0.91,,1
北區,新竹縣,新竹縣尖石鄉UnnamedRoad,855,1103,童話森林露營地,普通,Hot,0.15,0.85,,1
北區,新竹縣,新竹縣北埔鄉11鄰1~7號,862,1110,簡單的地方The Simple place自助民宿露營,好評,,0.0,1.0,,1
北區,新竹縣,新竹縣橫山鄉,878,1126,綠雲海露營區,普通,Hot,0.05,0.95,,1
北區,新竹縣,新竹縣尖石鄉1號,880,1128,緩緩李埔露營區 Huan Libu Camping,好評,,0.0,1.0,,1
北區,新竹縣,新竹縣五峰鄉1鄰羅山24-16號,894,1142,翡翠園露營區,普通,Hot,0.27,0.73,,1
北區,新竹縣,新竹縣尖石鄉7號,899,1147,老鷹溪107號營地,普通,,0.05,0.95,,1
北區,新竹縣,新竹縣尖石鄉新樂農路,907,1155,自然野趣,差評,,0.2,0.8,,1
北區,新竹縣,新竹縣尖石鄉煤源段8鄰36-2號,908,1156,露營樂3號店,差評,,0.14,0.86,,1
北區,新竹縣,新竹縣五峰鄉,912,1160,芬蘭露營區,好評,,0.0,1.0,,1
北區,新竹縣,新竹縣五峰鄉17鄰296-28號,958,1206,蘇珊藏美露營農場,好評,,0.07,0.93,,1
北區,新竹縣,新竹縣五峰鄉,968,1216,蟬說: 霧繞 Chanshuo Woorao glamping,好評,Hot,0.09,0.91,,1
北區,新竹縣,新竹縣尖石鄉,976,1224,觀星賞月露營區,普通,Hot,0.05,0.95,,1
北區,新竹縣,新竹縣五峰鄉,977,1225,觀雲露營區,差評,,0.07,0.93,,1
北區,新竹縣,新竹縣尖石鄉梅花村9鄰242-6號,996,1244,起初休閒露營區,普通,Hot,0.16,0.84,,1
北區,新竹縣,新竹縣竹東鎮16之13號,1012,1260,逗留營地,普通,,0.03,0.97,,1
北區,新竹縣,新竹縣尖石鄉9號,1017,1265,玉峰 遇見嵨繞,好評,Hot,0.02,0.98,,1
北區,新竹縣,新竹縣橫山鄉,1018,1266,遊橘露營區,差評,,0.22,0.78,,1
北區,新竹縣,新竹縣橫山鄉馬福89號,1045,1293,野漾莊園,差評,Hot,0.42,0.58,,1
北區,新竹縣,新竹縣五峰鄉天湖9鄰196-6號,1047,1295,野足營地,普通,Hot,0.21,0.79,,1
北區,新竹縣,新竹縣橫山鄉橫山村頭份林18鄰6-2號,1056,1304,金穗休閒露營,普通,,0.15,0.85,,1
北區,新竹縣,新竹縣關西鎮仁安里拱子溝九鄰26號,1066,1314,大象露營地,差評,,0.31,0.69,,1
北區,新竹縣,新竹縣五峰鄉白蘭307-15號,1103,1351,雲起露營區,普通,Hot,0.07,0.93,,1
北區,新竹縣,新竹縣尖石鄉4號,1108,1356,雷沙達岜斯,差評,,0.44,0.56,,1
北區,新竹縣,新竹縣關西鎮新力里下橫坑7鄰80號,1134,1382,飛鳳園農場,,,0.35,0.65,,1
北區,新竹縣,新竹縣鄉花園村天湖196-3號,1138,1386,馬瀨營地,普通,,0.08,0.92,,1
北區,新竹縣,新竹縣尖石鄉七鄰22-7號,1140,1388,馬胎227露營區,差評,,0.07,0.93,,1
北區,新竹縣,新竹縣尖石鄉義梅道路,1141,1389,馬胎露比森林露營區,好評,,0.04,0.96,,1
北區,新竹縣,新竹縣五峰鄉167之3號,1149,1397,魚之谷露營區,普通,,0.08,0.92,,1
北區,新竹縣,新竹縣尖石鄉新樂村,1184,1432,印象尖石露營區,差評,Hot,,,,1
北區,新竹縣,新竹縣尖石鄉義興村馬胎53號,1185,1433,參陳山內灣旅店營地,差評,,,,,1
北區,新竹縣,新竹縣尖石鄉,1186,1434,司馬庫斯 達宴露營區,差評,,,,,1
北區,新竹縣,新竹縣五峰鄉大隘村4鄰51-11號,1189,1437,喜來登露營區,好評,,,,,1
北區,新竹縣,新竹縣尖石鄉新樂村煤源8鄰41號,1194,1442,尤命築園露營區,差評,,,,,1
北區,新竹縣,新竹縣新埔鎮鹿鳴里4鄰黃梨園28-15號,1200,1448,挪亞星舟露營農莊,好評,,,,,1
北區,新竹縣,新竹縣尖石鄉錦屏村10鄰那羅116-1號,1204,1452,月伴灣露營區,差評,,,,,1
北區,新竹縣,新竹縣尖石鄉梅花村6鄰148號,1207,1455,梅花山莊,差評,,,,,1
北區,新竹縣,新竹縣尖石鄉梅花村3鄰梅花79之3號,1208,1456,梅花梯田免裝備露營區,好評,,,,,1
北區,新竹縣,新竹縣五峰鄉竹林村和平154-1號,1210,1458,楠桂坊露營區,差評,,,,,1
北區,新竹縣,新竹縣尖石鄉那羅205之7號,1212,1460,樓蜜香菇農場,好評,,,,,1
北區,新竹縣,新竹縣尖石鄉錦屏村9鄰那羅80-2號,1223,1471,烏米的家露營區,好評,,,,,1
北區,新竹縣,新竹縣尖石鄉玉峰村12鄰抬耀22之10號,1225,1473,玉峰 光漫營地,好評,,,,,1
北區,新竹縣,新竹縣尖石鄉玉峰村,1226,1474,玉峰 星光閃閃露營區,差評,,,,,1
北區,新竹縣,新竹縣尖石鄉新樂村煤源10鄰65-3號,1231,1479,綠宥子甜柿果園露營區,差評,,,,,1
北區,新竹縣,新竹縣尖石鄉義興村馬胎部落168-5號,1235,1483,觀星賞月營地,好評,,,,,1
北區,新竹縣,新竹縣五峰鄉花園村天湖219-1號,1236,1484,輪園秘境,好評,,,,,1
北區,新竹縣,新竹縣尖石鄉錦屏村12鄰那羅205之5號,1241,1489,那羅的家親子露營區,差評,,,,,1
北區,新竹縣,新竹縣尖石鄉錦屏村,1242,1490,野薑花露營區［全家超商野薑花店相關事業］,差評,,,,,1
北區,新竹縣,新竹縣峨眉鄉石井村,1247,1495,露營盒子,差評,,,,,1
北區,新竹縣,新竹縣尖石鄉玉峰村馬美8鄰29-1號,1250,1498,馬美欣欣營地,差評,,,,,1
北區,宜蘭縣,宜蘭縣大同鄉寒溪村華興巷42-18號,2,8,Uwah露營區,普通,,0.24,0.76,,1
北區,宜蘭縣,宜蘭縣冬山鄉照安一路360-1號,15,48,又想露營趣,好評,,0.0,1.0,,1
北區,宜蘭縣,宜蘭縣三星鄉泰雅一路301巷71號,39,110,山谷星空露營區,普通,,0.11,0.89,,1
北區,宜蘭縣,宜蘭縣礁溪鄉白石腳路135-1號,67,196,橘子園露營區,好評,,0.0,1.0,,1
北區,宜蘭縣,宜蘭縣礁溪鄉白石腳路157巷88號,75,219,無憂花露營區,好評,,0.06,0.94,,1
北區,宜蘭縣,宜蘭縣大同鄉茂安村泰雅路五段,102,333,飛亞蘭露營區,普通,,0.03,0.97,,1
北區,宜蘭縣,宜蘭縣礁溪鄉匏杓崙路150之50號,122,369,926露營基地,普通,,0.16,0.84,,1
北區,宜蘭縣,宜蘭縣礁溪鄉龍潭路172巷16號,139,386,Lemon Tree No. 16,普通,,0.1,0.9,,1
北區,宜蘭縣,宜蘭縣冬山鄉太和路615號,140,387,Leshan樂山環茶,好評,,0.03,0.97,,1
北區,宜蘭縣,宜蘭縣蘇澳鎮東澳灣北灘,152,399,SHALOM夏龍文旅,普通,,0.11,0.89,,1
北區,宜蘭縣,宜蘭縣大同鄉泰雅路二段33巷之31號,153,400,夏諾營露營區,好評,,0.05,0.95,,1
北區,宜蘭縣,宜蘭縣大同鄉寒溪巷68之9號,160,407,一山半水露營區,好評,,0.0,1.0,,1
北區,宜蘭縣,宜蘭縣三星鄉義德路58之8號,175,422,三星鄉立游泳池,普通,Hot,0.1,0.9,,1
北區,宜蘭縣,宜蘭縣大同鄉泰雅路二段33巷31之1號,194,441,五葉松林休閒露營區,好評,,0.0,1.0,,1
北區,宜蘭縣,宜蘭縣大同鄉泰雅路七段363之1號,197,444,亞爸的山,普通,Hot,0.08,0.92,,1
北區,宜蘭縣,宜蘭縣南澳鄉81巷,231,478,八福原地,,,0.22,0.78,,1
北區,宜蘭縣,宜蘭縣南澳鄉冰糖山路東澳火車站~開車10分鐘即可到達1號,239,486,冰糖山包場露營地,好評,,0.07,0.93,,1
北區,宜蘭縣,宜蘭縣蘇澳鎮海岸路92號,269,516,南澳農場,,Hot,0.42,0.58,,1
北區,宜蘭縣,宜蘭縣大同鄉泰雅路二段118之25號,275,522,原最露營區,好評,,0.1,0.9,,1
北區,宜蘭縣,宜蘭縣大同鄉泰雅一路牛鬥81之1號,304,551,哇吉散悠遊樂園露營區,好評,,0.1,0.9,,1
北區,宜蘭縣,宜蘭縣南澳鄉碧侯部落聯絡道路,314,561,喬之約露營區,普通,,0.0,1.0,,1
北區,宜蘭縣,宜蘭縣礁溪鄉二結路8之2號,346,593,夢土上Glamping,普通,Hot,0.0,1.0,,1
北區,宜蘭縣,宜蘭縣冬山鄉大埤二路75巷26號,371,618,天ㄟ藝文露營區,好評,,0.06,0.94,,1
北區,宜蘭縣,宜蘭縣冬山鄉大埤二路75巷1號,372,619,天ㄟ露營車,普通,Hot,0.03,0.97,,1
北區,宜蘭縣,宜蘭縣大同鄉泰雅路一段88巷66號,377,624,天梯露營區,差評,,0.15,0.85,,1
北區,宜蘭縣,宜蘭縣南澳鄉橫山路13-16號,378,625,天涯九號露營區,好評,,0.0,1.0,,1
北區,宜蘭縣,宜蘭縣大同鄉泰雅路一段88巷88號,380,627,天際線茶園營地,好評,,0.05,0.95,,1
北區,宜蘭縣,宜蘭縣大同鄉泰雅路六段2巷台七甲線km處6-3號,385,632,太平山森活趣渡假農場,差評,,0.07,0.93,,1
北區,宜蘭縣,宜蘭縣大同鄉碼崙路16號,396,643,宇世格爵露營區,差評,,0.22,0.78,,1
北區,宜蘭縣,宜蘭縣南澳鄉博愛路18-1號,399,646,老柯野外探險營地,差評,,0.12,0.88,,1
北區,宜蘭縣,宜蘭縣大同鄉泰雅路二段88巷211-9號,400,647,宜蘭大同 祕密基地露營區,,,0.17,0.83,,1
北區,宜蘭縣,宜蘭縣大同鄉華興巷1-10號,419,666,小董山間野炊泰雅文化旅遊,好評,,0.02,0.98,,1
北區,宜蘭縣,宜蘭縣南澳鄉東岳部落聯絡道路連絡道路,429,676,尤酷玩家 CampArea,好評,,0.03,0.97,,1
北區,宜蘭縣,宜蘭縣頭城鎮福德坑路5-1號,453,700,山海匯靜思露營區,普通,,0.25,0.75,,1
北區,宜蘭縣,宜蘭縣冬山鄉中山路802號,458,705,山谷樂生態露營園區,差評,,0.33,0.67,,1
北區,宜蘭縣,宜蘭縣南澳鄉東岳路81巷,478,725,布拉布拉BULABULA,普通,,0.28,0.72,,1
北區,宜蘭縣,宜蘭縣大同鄉住址：大同鄉泰雅路二段29巷！58-6號,483,730,幸福城景觀露營區,好評,Hot,0.12,0.88,,1
北區,宜蘭縣,宜蘭縣大同鄉樂水路20巷150-1號,485,732,幸福瑪崙露營區,差評,,0.21,0.79,,1
北區,宜蘭縣,宜蘭縣南澳鄉東岳部落聯絡道路,486,733,幽洛谷慕露營區,普通,,0.11,0.89,,1
北區,宜蘭縣,宜蘭縣大同鄉華興巷1-7號,490,737,彩虹杯杯館,差評,,0.25,0.75,,1
北區,宜蘭縣,宜蘭縣礁溪鄉五峰路69號,496,743,得天露營車,,,0.24,0.76,,1
北區,宜蘭縣,宜蘭縣頭城鎮仙公路180巷50號,498,745,微笑灣休閒農場,好評,Hot,0.04,0.96,,1
北區,宜蘭縣,宜蘭縣大同鄉林家50之6號,518,765,愛露營-葛霸露營區,好評,,0.0,1.0,,1
北區,宜蘭縣,宜蘭縣南澳鄉武塔村新溪路2鄰金洋二號橋路46號,519,766,慕塔夏 Camp Butasya,普通,,0.04,0.96,,1
北區,宜蘭縣,宜蘭縣大同鄉,542,789,摩西露營區,普通,,0.06,0.94,,1
北區,宜蘭縣,宜蘭縣南澳鄉宜57鄉道金洋路摩諾營地,543,790,摩諾營地,好評,,0.05,0.95,,1
北區,宜蘭縣,宜蘭縣大同鄉,549,796,斯揚莫那休閒莊園,差評,,0.34,0.66,,1
北區,宜蘭縣,宜蘭縣大同鄉泰雅路一段88巷99號,577,824,星亮點Kayu露營區,普通,Hot,0.0,1.0,,1
北區,宜蘭縣,宜蘭縣大同鄉泰雅一路牛鬥81之7號,592,839,星霧宿露營區,好評,,0.0,1.0,,1
北區,宜蘭縣,宜蘭縣大同鄉泰雅路一段12巷111號,598,845,景好露營區,普通,,0.06,0.94,,1
北區,宜蘭縣,宜蘭縣礁溪鄉二結路94號,618,865,杉林奇蹟露營區,差評,Hot,0.31,0.69,,1
北區,宜蘭縣,宜蘭縣蘇澳鎮東澳灣北灘,624,871,東澳露營趣,好評,,0.03,0.97,,1
北區,宜蘭縣,宜蘭縣冬山鄉中山路769號,627,874,東風綠活 Oriental Green,普通,Hot,0.2,0.8,,1
北區,宜蘭縣,宜蘭縣大同鄉泰雅路二段92巷199之1號,632,879,松蘿園林露營區,差評,,0.55,0.45,,1
北區,宜蘭縣,宜蘭縣南澳鄉,670,918,樂樂緣地露營區,好評,,0.0,1.0,,1
北區,宜蘭縣,宜蘭縣蘇澳鎮武荖坑路75號,690,938,武荖坑風景區,,Hot,0.14,0.86,,1
北區,宜蘭縣,宜蘭縣大同鄉玉蘭21-6號,707,955,沐嵐園,好評,,0.05,0.95,,1
北區,宜蘭縣,宜蘭縣大同鄉泰雅路二段92巷99-1號,710,958,沐野露營區,好評,,0.03,0.97,,1
北區,宜蘭縣,宜蘭縣大同鄉古魯巷1-17號,736,984,淺山休閒露營區,好評,,0.03,0.97,,1
北區,宜蘭縣,宜蘭縣大同鄉松羅南巷115-7號,750,998,溪河木露營區,普通,Hot,0.37,0.63,,1
北區,宜蘭縣,宜蘭縣大同鄉寒溪巷71-6號,756,1004,濃情蜜意瓜瓜園,普通,,0.13,0.87,,1
北區,宜蘭縣,宜蘭縣南澳鄉橫山路13之7號,757,1005,瀧雲山莊露營區,差評,,0.15,0.85,,1
北區,宜蘭縣,宜蘭縣三星鄉泰雅一路525巷牛頭203號,770,1018,牛鬥一角宜蘭露營區民宿,普通,,0.05,0.95,,1
北區,宜蘭縣,宜蘭縣冬山鄉大進二路246號,800,1048,田野森農場Morilife,普通,,0.07,0.93,,1
北區,宜蘭縣,宜蘭縣蘇澳鎮東澳路101巷19號,813,1061,睡海邊,普通,Hot,0.0,1.0,,1
北區,宜蘭縣,宜蘭縣大同鄉林森巷20-1號,860,1108,築夢園迷你露營區,普通,,0.11,0.89,,1
北區,宜蘭縣,宜蘭縣南澳鄉橫山路13之11號,939,1187,莎莉慕休閒露營區,好評,,0.02,0.98,,1
北區,宜蘭縣,宜蘭縣南澳鄉金洋路2號,1028,1276,那山那谷,普通,Hot,0.24,0.76,,1
北區,宜蘭縣,宜蘭縣南澳鄉,1053,1301,金岳秘境露營區,普通,,0.14,0.86,,1
北區,宜蘭縣,宜蘭縣三星鄉,1068,1316,阿柑露營場,好評,,,,,1
北區,宜蘭縣,宜蘭縣大同鄉57號,1102,1350,雲端紅土咖啡露營區,好評,,0.03,0.97,,1
北區,宜蘭縣,宜蘭縣南澳鄉蘇花路五段一巷宜蘭縣蘇澳鎮5-1號,1114,1362,露境東岳探險渡假營地,好評,Hot,0.0,1.0,,1
北區,宜蘭縣,宜蘭縣大同鄉古魯巷1之8号,1115,1363,露山林套房露營區,好評,,0.0,1.0,,1
北區,宜蘭縣,宜蘭縣礁溪鄉白石腳路101號,1117,1365,露樹露營區,好評,,0.0,1.0,,1
北區,宜蘭縣,宜蘭縣礁溪鄉匏杓崙路132-15號,1153,1401,鷗漫景觀農場,普通,Hot,0.0,1.0,,1
北區,宜蘭縣,宜蘭縣南澳鄉東岳村73巷3號,1178,1426,BulaBula.KC 布拉布拉露營區,差評,,,,,1
北區,宜蘭縣,宜蘭縣大同鄉泰雅一路牛鬥巷69之15號,1188,1436,哇芭來露營區,好評,,,,,1
北區,宜蘭縣,宜蘭縣大同鄉泰雅路二段88巷211-9號,1230,1478,秘密基地露營區,差評,,,,,1
北區,宜蘭縣,宜蘭縣大同鄉泰雅路一段88巷99號之19號,1246,1494,露營樂7號店,好評,,,,,1
中區,台中市,台中市北屯區東山路二段183-33號,5,17,三山來此,好評,Hot,0.0,1.0,,1
中區,台中市,台中市和平區博愛里東關路一段430號,23,64,哈露米露營區,普通,,0.0,1.0,,1
中區,台中市,台中市和平區東關路一段360之5號,36,103,山上松亭,普通,,0.11,0.89,,1
中區,台中市,台中市東勢區慶福里慶福街26號之2號,44,124,彩虹奇菁,差評,Hot,0.39,0.61,,1
中區,台中市,台中市和平區東關路一段松鶴三巷60-16號,54,163,晨融家筑,好評,,0.0,1.0,,1
中區,台中市,台中市和平區博愛里東關路一段台電巷122-20號,59,170,松風谷園區,普通,Hot,0.03,0.97,,1
中區,台中市,台中市和平區東關路一段松鶴三巷95-11號,60,172,松鶴延年,好評,,0.0,1.0,,1
中區,台中市,台中市和平區東關路一段430號,81,237,石壁露營區,差評,,0.44,0.56,,1
中區,台中市,台中市和平區東關路一段20之5號,89,282,谷關365露營區,差評,,0.53,0.47,,1
中區,台中市,台中市新社區協中街189-2號,144,391,MOMO佳園民宿,差評,,0.38,0.62,,1
中區,台中市,台中市太平區山田路長青巷19號,147,394,Night,好評,,0.02,0.98,,1
中區,台中市,台中市新社區,154,401,Tatami 忘憂草原 聖愛營地,普通,,0.0,1.0,,1
中區,台中市,台中市霧峰區民生路426巷77號,163,410,一棵樹露營區,普通,,0.14,0.86,,1
中區,台中市,台中市東勢區UnnamedRoad,183,430,丘の町營地,好評,,0.06,0.94,,1
中區,台中市,台中市北屯區,184,431,中正露營區下平台,,,0.29,0.71,,1
中區,台中市,台中市北屯區,185,432,中正露營區和諧分營區,普通,,0.12,0.88,,1
中區,台中市,台中市北屯區,186,433,中正露營區大平台,,,0.22,0.78,,1
中區,台中市,台中市北屯區連坑巷中正露營區精神碉堡總集合場,187,434,中正露營區愛國分營區,普通,,0.0,1.0,,1
中區,台中市,台中市石岡區萬仙街岡仙巷請先搜尋五福臨門神木7-1號,191,438,九甲林,好評,,0.26,0.74,,1
中區,台中市,台中市和平區東關路一段裡冷巷1-7號,214,461,何必館景觀小屋,,,0.31,0.69,,1
中區,台中市,台中市東勢區勢林街63之6號,221,468,億享天開歡樂農場,普通,,0.55,0.45,,1
中區,台中市,台中市和平區東關路一段裡冷巷70號,228,475,八仙山春露茶園,普通,Hot,0.0,1.0,,1
中區,台中市,台中市東勢區東坑路石麻巷之46號,233,480,六合繹包棟露營區(住宿),普通,,0.05,0.95,,1
中區,台中市,台中市和平區雪山路出雲巷,241,488,出雲山騰雲營地,普通,Hot,0.18,0.82,,1
中區,台中市,台中市豐原區豐勢路二段535巷100弄5號,249,496,勝開心腳踏車電動車出租,普通,,0.03,0.97,,1
中區,台中市,台中市后里區圳頭產業道路,284,531,台中后里,普通,,0.08,0.92,,1
中區,台中市,台中市和平區桃山社區,295,542,吉娃斯景觀咖啡露營區,差評,,0.19,0.81,,1
中區,台中市,台中市豐原區朴子街323巷13號,297,544,后豐鐵馬道露營區,差評,,0.27,0.73,,1
中區,台中市,台中市大安區北汕路86巷1號,298,545,向海那漾 Nayang Beach,普通,Hot,0.12,0.88,,1
中區,台中市,台中市新社區崑山里19之6號,300,547,吾居無束露營區,普通,,0.0,1.0,,1
中區,台中市,台中市和平區東崎路一段桃山巷73-2號,309,556,哈豹咖啡屋,普通,,0.0,1.0,,1
中區,台中市,台中市新社區興隆街42-1號,313,560,喜田小樹民宿,普通,,0.0,1.0,,1
中區,台中市,台中市東勢區東崎路三段688巷100弄19號,323,570,圓緣山居—露營區,好評,,0.0,1.0,,1
中區,台中市,台中市和平區東關路一段松鶴三巷100號,325,572,在Lu營,普通,,0.17,0.83,,1
中區,台中市,台中市和平區雪山路1之7號,353,600,大棟農場,普通,,0.12,0.88,,1
中區,台中市,台中市和平區雪山路富山巷8號,364,611,大雪山 茂山樂園,普通,,0.15,0.85,,1
中區,台中市,台中市東勢區東坑路978-6號,365,612,大雪山喜樂之地露營區,好評,Hot,0.02,0.98,,1
中區,台中市,台中市東勢區東坑路978-7號,366,613,大雪山觀山嶺露營區,普通,Hot,0.0,1.0,,1
中區,台中市,台中市東勢區東坑路795巷18號,367,614,大雪星空露營區,好評,,0.09,0.91,,1
中區,台中市,台中市新社區福興里美林72-2號,374,621,天冷吹雲,好評,,0.14,0.86,,1
中區,台中市,台中市新社區中和街一段山腳巷20-9號,375,622,天山秘境森林露營區,差評,,0.77,0.23,,1
中區,台中市,台中市新社區永櫃路18號,404,651,富柿山 星空景觀農場,好評,Hot,0.0,1.0,,1
中區,台中市,台中市新社區,413,660,小松露露營區(露營,好評,,0.0,1.0,,1
中區,台中市,台中市新社區崑山里食水嵙6-2號,420,667,小路露營區,普通,Hot,0.0,1.0,,1
中區,台中市,台中市和平區東關路一段裡冷巷1-8號,433,680,山上小日子Camping,好評,,0.0,1.0,,1
中區,台中市,台中市新社區,442,689,山居歲月森林區,普通,,0.0,1.0,,1
中區,台中市,台中市和平區中坑路北坑巷15號,446,693,山暉甜園露營區,普通,,0.0,1.0,,1
中區,台中市,台中市新社區中興街225號,469,716,嵐山譯站露營趣,普通,,0.25,0.75,,1
中區,台中市,台中市新社區中興街217之6號,470,717,嵐山驛站 露營區,普通,,0.25,0.75,,1
中區,台中市,台中市和平區中興路三段53號,482,729,平岩山望向芸端露營區,好評,,0.03,0.97,,1
中區,台中市,台中市石岡區豐勢路山下巷11之8號,489,736,彩虹星光農園露營區,普通,,0.16,0.84,,1
中區,台中市,台中市東勢區東崎路三段175巷28號,497,744,微笑Glamping,好評,,0.05,0.95,,1
中區,台中市,台中市和平區東關路一段359號,500,747,德芙蘭農場,好評,,0.19,0.81,,1
中區,台中市,台中市和平區東崎路一段天嶺巷30-3號,540,787,摩天嶺楊園露營區,好評,,0.24,0.76,,1
中區,台中市,台中市外埔區月眉北路221號,541,788,摩天輪營地(無提供電話詢位預訂 請至臉書粉絲專頁),,,0.37,0.63,,1
中區,台中市,台中市新社區,554,801,新社恩地生態露營區,普通,,0.0,1.0,,1
中區,台中市,台中市新社區永豐63-1號,574,821,旺來山莊秘境,好評,Hot,0.02,0.98,,1
中區,台中市,台中市和平區UnnamedRoad,579,826,星星點燈露營區,普通,,0.17,0.83,,1
中區,台中市,台中市后里區月眉北路之1號482號,581,828,星月假期,差評,,0.5,0.5,,1
中區,台中市,台中市新社區永豐45-1號,585,832,星空Yay(夜)語 露營區,,,0.35,0.65,,1
中區,台中市,台中市新社區上坪4-3號,604,851,曉晴星空三營 臺中新社營區,普通,,0.19,0.81,,1
中區,台中市,台中市東勢區,622,869,東勢林場大安露營中心,差評,,0.58,0.42,,1
中區,台中市,台中市和平區UnnamedRoad,628,875,松嶺露營區,普通,,0.0,1.0,,1
中區,台中市,台中市和平區UnnamedRoad,629,876,松旺露營區,普通,,0.0,1.0,,1
中區,台中市,台中市和平區東關路二段11之8號,637,884,柏冷翠休閒農場,,Hot,0.26,0.74,,1
中區,台中市,台中市和平區東崎路一段桃山巷32號,652,899,森杉露營區,普通,,0.0,1.0,,1
中區,台中市,台中市東勢區東坑路號967號,653,901,森林小鹿,差評,,0.36,0.64,,1
中區,台中市,台中市外埔區二崁路700號,657,905,森渼原 Alive Glamping Base,差評,Hot,0.42,0.58,,1
中區,台中市,台中市新社區協中街211巷27號,663,911,樂在露營,好評,,0.03,0.97,,1
中區,台中市,台中市東勢區東坑路964之1號,664,912,樂境6.2K營地,普通,,0.1,0.9,,1
中區,台中市,台中市和平區鄰東關路一段里冷巷73號,667,915,樂悠悠露營區,普通,Hot,0.2,0.8,,1
中區,台中市,台中市和平區東關路一段台電巷124-4號,684,932,歐賓露營區,普通,,0.04,0.96,,1
中區,台中市,台中市和平區3-武陵路1號,691,939,武陵農場露營區,普通,Hot,0.2,0.8,,1
中區,台中市,台中市新社區中興街87-2號,739,987,清悠露營區(綠草原),普通,Hot,0.15,0.85,,1
中區,台中市,台中市東勢區東崎路三段122-5號,767,1015,爸娜娜露營區,好評,,0.03,0.97,,1
中區,台中市,台中市和平區牛坪之春露營區,769,1017,牛坪之春露營區,好評,,0.03,0.97,,1
中區,台中市,台中市石岡區石岡街頭坪巷9-2號,819,1067,石岡森林,好評,,0.0,1.0,,1
中區,台中市,台中市石岡區石城街47-1號,820,1068,石岡水舍,普通,Hot,0.16,0.84,,1
中區,台中市,台中市和平區東關路一段松鶴三巷100之8號,830,1078,神農谷健康休閒中心,差評,,0.29,0.71,,1
中區,台中市,台中市和平區福壽路29號,832,1080,福壽山農場露營區,普通,Hot,0.17,0.83,,1
中區,台中市,台中市太平區,859,1107,竹林風私人露營秘境,好評,,0.0,1.0,,1
中區,台中市,台中市霧峰區民生路815之5號,890,1138,義哥營地,好評,,0.0,1.0,,1
中區,台中市,台中市新社區崑南街29巷5號,903,1151,聚元營地,好評,,0.0,1.0,,1
中區,台中市,台中市和平區東崎路一段桃山巷73-3號,913,1161,芭蓊露營區,好評,,0.04,0.96,,1
中區,台中市,台中市和平區東關路一段裡冷巷15-7號,941,1189,菘畫居露營會館,普通,Hot,0.27,0.73,,1
中區,台中市,台中市太平區山田路218號,969,1217,蟬說：山中靜靜 Chanshuo Immersion glamping,好評,Hot,0.12,0.88,,1
中區,台中市,台中市和平區東關路一段裡冷巷25號,972,1220,裡冷熊爸營地,普通,Hot,0.07,0.93,,1
中區,台中市,台中市和平區雅比斯街1-9號,973,1221,覓跡-台中和平露營區,好評,,0.0,1.0,,1
中區,台中市,台中市和平區東關路一段裡冷巷99號,974,1222,覓靜莊園,普通,Hot,0.0,1.0,,1
中區,台中市,台中市和平區東關路一段堰堤巷6-1號,982,1230,谷關八起露營區,普通,,0.17,0.83,,1
中區,台中市,台中市和平區,994,1242,賽良久營地,差評,,0.14,0.86,,1
中區,台中市,台中市霧峰區中坑產業道路92號,1026,1274,那個屋露營區,普通,,0.04,0.96,,1
中區,台中市,台中市和平區東關路一段裡冷巷之15號,1041,1289,里浪露營區,普通,,0.12,0.88,,1
中區,台中市,台中市霧峰區民生路426巷8弄39號,1043,1291,野Fun趣 親子果園,好評,,0.05,0.95,,1
中區,台中市,台中市大甲區成功路221號,1059,1307,鐵砧山星光露營區,差評,,0.46,0.54,,1
中區,台中市,台中市東勢區東關路四段128巷33號,1064,1312,閣香亭,普通,,0.26,0.74,,1
中區,台中市,台中市和平區東關路一段松鶴三巷81號,1091,1339,雅谷。露營區,普通,,0.12,0.88,,1
中區,台中市,台中市和平區東崎路二段19-25號,1094,1342,雙香露營區,差評,,0.24,0.76,,1
中區,台中市,台中市新社區永櫃22-1號,1127,1375,頭櫃山露營區,普通,,0.12,0.88,,1
中區,台中市,台中市和平區東關路一段裡冷巷5-8號,1137,1385,馬告的傳奇民宿 露營區,普通,Hot,0.07,0.93,,1
中區,台中市,台中市新社區永豐45-1號,1201,1449,星空yay語露營區,好評,,,,,1
中區,彰化縣,彰化縣芬園鄉彰南路二段,162,409,一星伴夢幻營區,普通,Hot,0.11,0.89,,1
中區,彰化縣,彰化縣二林鎮_中正巷9-30號,193,440,二林中科農場,普通,,0.09,0.91,,1
中區,彰化縣,彰化縣芬園鄉,232,479,公司一星伴,普通,,0.16,0.84,,1
中區,彰化縣,彰化縣社頭鄉水井巷1-1號,246,493,劉曜瑋青年國際志工基金會教育園區,好評,,,,,1
中區,彰化縣,彰化縣北斗鎮復興路316巷,306,553,哈比雪兒園區,好評,Hot,0.02,0.98,,1
中區,彰化縣,彰化縣二林鎮詹厝路7號,493,740,彰化五六弄,普通,,0.04,0.96,,1
中區,彰化縣,彰化縣彰化市公園路一段409號,525,772,成功營區綠色環境學習營地,普通,,0.05,0.95,,1
中區,彰化縣,彰化縣永靖鄉東畔路238之46號,590,837,星錡休閒農場,普通,Hot,0.0,1.0,,1
中區,彰化縣,彰化縣員林市復興二街166號,685,933,歐鄉莊園商旅,普通,Hot,0.11,0.89,,1
中區,彰化縣,彰化縣社頭鄉山腳路一段268號,740,988,清水那方 遊憩園地,好評,Hot,0.19,0.81,,1
中區,彰化縣,彰化縣二水鄉南通路一段和英義路交叉口,951,1199,蓮荷果休閒農場,差評,,0.3,0.7,,1
中區,彰化縣,彰化縣二林鎮新生路569巷48弄,1049,1297,金喜休閒農場,,,0.0,1.0,,1
中區,彰化縣,彰化縣埔心鄉,1173,1421,龍溪古厝營地,差評,,,,,1
中區,南投縣,南投縣鹿谷鄉中正路三段686巷,3,9,W.H窩,好評,,0.06,0.94,,1
中區,南投縣,南投縣魚池鄉五城村華龍巷73號,9,29,仙聞露營區,好評,,0.0,1.0,,1
中區,南投縣,南投縣仁愛鄉山林巷,11,32,伴天聊露營地,普通,Hot,0.18,0.82,,1
中區,南投縣,南投縣魚池鄉五城村華龍巷73-1號,19,59,合興休閒露營區,普通,Hot,0.3,0.7,,1
中區,南投縣,南投縣魚池鄉五城村華龍巷41-8號,26,71,四心小草,普通,,0.07,0.93,,1
中區,南投縣,南投縣仁愛鄉新生村山林巷,28,80,大塊森林,普通,,0.28,0.72,,1
中區,南投縣,南投縣仁愛鄉互助村原名路43附7號,47,129,快樂中原,普通,,0.0,1.0,,1
中區,南投縣,南投縣仁愛鄉,49,144,採茶媽媽露營區,好評,Hot,0.03,0.97,,1
中區,南投縣,南投縣仁愛鄉中正村平等巷1號,53,161,星空谷露營地,差評,Hot,0.42,0.58,,1
中區,南投縣,南投縣中寮鄉,56,166,本之山露營區,好評,,0.07,0.93,,1
中區,南投縣,南投縣草屯鎮雙冬里雙龍巷5之20號,64,184,森活家露營渡假山莊,普通,,0.33,0.67,,1
中區,南投縣,南投縣埔里鎮種瓜路33-15號,65,185,森露其境渡假村,普通,,0.13,0.87,,1
中區,南投縣,南投縣仁愛鄉山農巷,73,214,滿天馨露營區,普通,Hot,0.0,1.0,,1
中區,南投縣,南投縣中寮鄉,74,216,潺潺森活,普通,Hot,0.15,0.85,,1
中區,南投縣,南投縣仁愛鄉投71鄉道34號,91,290,迦南之地,好評,,0.06,0.94,,1
中區,南投縣,南投縣埔里鎮覆金路21-1號,93,294,遇見東平莊園,普通,,0.0,1.0,,1
中區,南投縣,南投縣魚池鄉五城村五城巷11-22號,101,329,青綠園,,Hot,0.31,0.69,,1
中區,南投縣,南投縣國姓鄉南港村,105,341,騰雲農莊,普通,Hot,0.39,0.61,,1
中區,南投縣,南投縣國姓鄉南港村長石巷42-9號,107,343,高峰農場,,Hot,0.68,0.32,熱門但負評比例超過50%,1
中區,南投縣,南投縣鹿谷鄉鳳凰村鳳園路88-50號,110,348,鳳凰山日出湖秘密基地,好評,,0.0,1.0,,1
中區,南投縣,南投縣魚池鄉文武巷1-2號,113,360,1-2號營地,好評,,0.09,0.91,,1
中區,南投縣,南投縣鹿谷鄉仁愛路256號,121,368,847露營區,普通,Hot,0.0,1.0,,1
中區,南投縣,南投縣埔里鎮眉原路1-4號,142,389,LOLO農場-休閒露營園區,好評,,0.37,0.63,,1
中區,南投縣,南投縣埔里鎮種瓜路66-1號,155,402,ToMe 桃米生態露營區,普通,,0.0,1.0,,1
中區,南投縣,南投縣鹿谷鄉愛鄉路39之153號,169,416,一陽露營區,普通,,0.04,0.96,,1
中區,南投縣,南投縣草屯鎮三層巷50號,171,418,三乘山露營區,普通,Hot,0.08,0.92,,1
中區,南投縣,南投縣鹿谷鄉民生巷8-1號,177,424,三生園生態露營區,差評,,0.11,0.89,,1
中區,南投縣,南投縣竹山鎮頂林路461號,180,427,上山樂活露營區,普通,,0.05,0.95,,1
中區,南投縣,南投縣魚池鄉五馬巷2-3號,202,449,享樂玩家露營區,普通,Hot,0.36,0.64,,1
中區,南投縣,南投縣國姓鄉長豐村東二巷71號,209,456,仙徠山莊露營區,好評,Hot,0.05,0.95,,1
中區,南投縣,南投縣中寮鄉頂坑巷1-1號,220,467,依星生態農場,好評,,0.09,0.91,,1
中區,南投縣,南投縣魚池鄉大雁巷31-8號,224,471,入樹．村,好評,Hot,0.35,0.65,,1
中區,南投縣,南投縣鹿谷鄉彰雅村凍頂巷33之,240,487,凍頂山露營農場,普通,,0.0,1.0,,1
中區,南投縣,南投縣中寮鄉龍南路151-20號,265,512,鶴里翁露營區,好評,,0.03,0.97,,1
中區,南投縣,南投縣國姓鄉長石巷42-5號,266,513,南投北山露營農場,普通,Hot,0.23,0.77,,1
中區,南投縣,南投縣仁愛鄉茶園巷17附2號,267,514,南投武界觀景茶園露營區,普通,Hot,0.11,0.89,,1
中區,南投縣,南投縣竹山鎮集山路一段437號,307,554,哈比露營區,普通,,0.08,0.92,,1
中區,南投縣,南投縣仁愛鄉,308,555,哈爾斯塔特露營區,好評,Hot,0.0,1.0,,1
中區,南投縣,南投縣竹山鎮鹿山路606-7號,321,568,回歸自然二八露營場,好評,Hot,0.03,0.97,,1
中區,南投縣,南投縣竹山鎮廍坑巷53之100號,331,578,堂了個菓 木屋 蛋糕烘焙 露營,好評,,0.03,0.97,,1
中區,南投縣,南投縣仁愛鄉,339,586,士官長露營區,普通,,0.1,0.9,,1
中區,南投縣,南投縣草屯鎮富德街66巷75號,363,610,大衛營露營農場,普通,Hot,0.04,0.96,,1
中區,南投縣,南投縣竹山鎮中坑路319號,369,616,大鞍幸福農場,普通,Hot,0.08,0.92,,1
中區,南投縣,南投縣竹山鎮大鞍段,370,617,大鞍竹海 雲頂星空,普通,,0.15,0.85,,1
中區,南投縣,南投縣鄉北港村國姓路90號,418,665,小胖露營區,普通,Hot,0.08,0.92,,1
中區,南投縣,南投縣仁愛鄉清風路,434,681,山上有魚露營區,普通,,0.0,1.0,,1
中區,南投縣,南投縣水里鄉水里五路,439,686,山中流域露營區,普通,,0.07,0.93,,1
中區,南投縣,南投縣竹山鎮大林巷16-32號,445,692,山思雲想,普通,Hot,0.11,0.89,,1
中區,南投縣,南投縣竹山鎮頂林路562之5號,454,701,山湖水岸,好評,,0.04,0.96,,1
中區,南投縣,南投縣魚池鄉華龍巷43-3號,455,702,山福情森露營區,普通,Hot,0.03,0.97,,1
中區,南投縣,南投縣信義鄉地利村姑姑山,456,703,山裡面的嵐卡,普通,Hot,0.04,0.96,,1
中區,南投縣,南投縣魚池鄉通文巷對面號54號,457,704,山見懶人露營,普通,,0.12,0.88,,1
中區,南投縣,南投縣信義鄉,459,706,山谷露瑪露營區,普通,,0.23,0.77,,1
中區,南投縣,南投縣仁愛鄉清風路明月巷95-1附2號,465,712,山鷹露營區,普通,,0.22,0.78,,1
中區,南投縣,南投縣魚池鄉文正巷2之6號,467,714,峇嵐杉丘 奢華露營,好評,Hot,0.1,0.9,,1
中區,南投縣,南投縣魚池鄉中正路102號,481,728,帖泊喀露營區,差評,Hot,0.27,0.73,,1
中區,南投縣,南投縣魚池鄉通文巷4之11號,515,762,愛心露營地,好評,,0.0,1.0,,1
中區,南投縣,南投縣埔里鎮種瓜路37-1號,517,764,愛聚時光森林露營區,普通,Hot,0.1,0.9,,1
中區,南投縣,南投縣信義鄉和平巷85~3號,535,782,拿哥的秘密基地浪漫露營區,普通,Hot,0.06,0.94,,1
中區,南投縣,南投縣魚池鄉華龍巷31-10號,545,792,攝手座營地,普通,,0.1,0.9,,1
中區,南投縣,南投縣國姓鄉長北路70之1號,551,798,新境露營區,普通,,0.33,0.67,,1
中區,南投縣,南投縣魚池鄉有水巷21-41號,561,808,日月松林營地 Sun Moon Camp,差評,Hot,0.47,0.53,,1
中區,南投縣,南投縣魚池鄉中山路510巷日月潭9之22號,562,809,日月潭 九蛙秘境露營王國,好評,,0.08,0.92,,1
中區,南投縣,南投縣魚池鄉有水巷28─3號,563,810,日月潭夢想露營區,普通,Hot,0.04,0.96,,1
中區,南投縣,南投縣魚池鄉華龍巷41-2號,564,811,日月潭香菇寮生態營地,普通,,0.04,0.96,,1
中區,南投縣,南投縣竹山鎮AnshanRoad台灣號70-1號,573,820,旭爸爸的窩露營區,普通,,0.08,0.92,,1
中區,南投縣,南投縣仁愛鄉明月巷95之1附1號,593,840,星願村露營區,好評,,0.08,0.92,,1
中區,南投縣,南投縣埔里鎮種瓜路33-3號,603,850,暮雲春樹,差評,,0.0,1.0,,1
中區,南投縣,南投縣南投市吉利路126號,607,854,曉樂園露營區,普通,,0.09,0.91,,1
中區,南投縣,南投縣竹山鎮鹿谷鄉羊仔灣236號,619,866,杉林溪羊仔灣露營,普通,,0.19,0.81,,1
中區,南投縣,南投縣竹山鎮安山路41-1號,620,867,杉林雲境,普通,,0.08,0.92,,1
中區,南投縣,南投縣中寮鄉永樂路201號,649,896,森呼吸露營區,差評,,0.31,0.69,,1
中區,南投縣,南投縣中寮鄉福山巷,650,897,森山谷 中寮森林營地,好評,Hot,0.0,1.0,,1
中區,南投縣,南投縣埔里鎮桃米路73-1號,654,902,森林蜂味露營區,差評,,0.38,0.62,,1
中區,南投縣,南投縣鹿谷鄉愛鄉路101-17號,660,908,楠林與露,好評,,0.07,0.93,,1
中區,南投縣,南投縣魚池鄉五馬巷4號,671,919,樂沐山林_親子友善露營區,好評,,0.03,0.97,,1
中區,南投縣,南投縣埔里鎮桃米路55-1號,672,920,樂活森林農場,差評,Hot,0.35,0.65,,1
中區,南投縣,南投縣仁愛鄉山林巷46附2號,676,924,樹不老露營區,好評,,0.12,0.88,,1
中區,南投縣,南投縣仁愛鄉武安路1附6號,686,934,武界松露露營區&小木屋,好評,Hot,0.03,0.97,,1
中區,南投縣,南投縣仁愛鄉茶園巷1之1號,687,935,武界雲夢茗園,普通,Hot,0.12,0.88,,1
中區,南投縣,南投縣仁愛鄉茶園巷1附2號,688,936,武界雲窩森林露營區,普通,Hot,0.1,0.9,,1
中區,南投縣,南投縣國姓鄉北圳巷30-8號,697,945,水岸松林露營區,普通,Hot,0.02,0.98,,1
中區,南投縣,南投縣國姓鄉大長路622之1號,698,946,水悅左岸露營區,普通,,0.24,0.76,,1
中區,南投縣,南投縣仁愛鄉榮華巷202-2號,712,960,沙庫斯露營區,普通,Hot,0.0,1.0,,1
中區,南投縣,南投縣國姓鄉北原路58號,717,965,泊樂熊村 Polar Bear Village,普通,Hot,0.03,0.97,,1
中區,南投縣,南投縣中寮鄉清水村頂坑巷12號,725,973,洞九山莊露營區,普通,,0.17,0.83,,1
中區,南投縣,南投縣中寮鄉永樂路165-8號,732,980,海豚星露營區,差評,,0.45,0.55,,1
中區,南投縣,南投縣魚池鄉五馬巷2之10號,733,981,涵香小屋露營驛站,差評,,0.27,0.73,,1
中區,南投縣,南投縣竹山鎮大鞍里頂林路累藤巷6-66號,735,983,深山林內生態農場,差評,,0.0,1.0,,1
中區,南投縣,南投縣仁愛鄉仁和路179號,738,986,清境小太陽小木屋露營區,差評,Hot,0.35,0.65,,1
中區,南投縣,南投縣仁愛鄉明月巷95-1附2號,742,990,清流溪畔露營區,普通,,0.0,1.0,,1
中區,南投縣,南投縣竹山鎮鯉行路,746,994,湖山水庫秘境露營區,普通,,0.14,0.86,,1
中區,南投縣,南投縣埔里鎮種瓜路,747,995,湯尼瑪麗露營區,好評,,0.03,0.97,,1
中區,南投縣,南投縣國姓鄉,754,1002,滾石部落露營場地,普通,Hot,0.09,0.91,,1
中區,南投縣,南投縣鹿谷鄉凍頂巷43之6號,762,1010,烏龍營地,普通,,0.26,0.74,,1
中區,南投縣,南投縣埔里鎮種瓜路33-5號,766,1014,燈火嵐杉野奢露營區inHere,好評,Hot,0.06,0.94,,1
中區,南投縣,南投縣竹山鎮小旗巷16-58號,782,1030,珈溪園綠莊,普通,,0.11,0.89,,1
中區,南投縣,南投縣竹山鎮頂林路562-3號,789,1037,瑞櫻山莊露營區,,Hot,0.28,0.72,,1
中區,南投縣,南投縣仁愛鄉山林巷10號,801,1049,畫眉園露營區,好評,,0.0,1.0,,1
中區,南投縣,南投縣鹿谷鄉秀林巷13-7號,821,1069,石盤阬露營區,普通,,0.12,0.88,,1
中區,南投縣,南投縣竹山鎮大林巷16-50號,848,1096,空中邊境景觀農場,差評,Hot,0.27,0.73,,1
中區,南投縣,南投縣魚池鄉文武巷1-33號,849,1097,空若水營地,好評,,0.03,0.97,,1
中區,南投縣,南投縣仁愛鄉原名路43附546別用門牌導航會迷路，直接搜尋築露中原導航即可2號,861,1109,築露中原露營區,普通,Hot,0.0,1.0,,1
中區,南投縣,南投縣埔里鎮乾溪景觀橋545號,879,1127,緣溪行森林營地,普通,Hot,0.5,0.5,熱門但負評比例超過50%,1
中區,南投縣,南投縣竹山鎮竹寮巷1之3號,892,1140,翠山露營區,好評,,0.06,0.94,,1
中區,南投縣,南投縣魚池鄉投69-3鄉道555號,893,1141,翠林農場,普通,Hot,0.0,1.0,,1
中區,南投縣,南投縣竹山鎮鹿山路688號,898,1146,老茶緣露營場,普通,,0.07,0.93,,1
中區,南投縣,南投縣鹿谷鄉,904,1152,腳踏石地露營區,好評,,0.06,0.94,,1
中區,南投縣,南投縣中寮鄉村永平路100-36號,909,1157,舞蝶到了露營區,好評,,0.06,0.94,,1
中區,南投縣,南投縣埔里鎮種瓜路33-13號,928,1176,茶吾此露露營區,普通,Hot,0.1,0.9,,1
中區,南投縣,南投縣信義鄉,937,1185,荖濃溪營地,好評,,0.0,1.0,,1
中區,南投縣,南投縣仁愛鄉親愛村大安路107附2號,955,1203,藍瑪司露營地,普通,,0.08,0.92,,1
中區,南投縣,南投縣中寮鄉永樂路134之2號,978,1226,言葉之庭,好評,,0.21,0.79,,1
中區,南投縣,南投縣竹山鎮,979,1227,訓導山農場,普通,,0.11,0.89,,1
中區,南投縣,南投縣中寮鄉復興巷,991,1239,露營樂6號店,好評,Hot,0.08,0.92,,1
中區,南投縣,南投縣埔里鎮麒麟里武界路35-3號,1005,1253,農家樂露營區,差評,,0.11,0.89,,1
中區,南投縣,南投縣南投市八卦路,1006,1254,農民山丘,,,0.28,0.72,,1
中區,南投縣,南投縣仁愛鄉仁和路179之5號,1009,1257,迷露1850,差評,Hot,0.27,0.73,,1
中區,南投縣,南投縣魚池鄉文正巷1之45號,1032,1280,部落之丘 Camping,普通,,0.38,0.62,,1
中區,南投縣,南投縣仁愛鄉萬豐村10鄰清華巷148附1號,1040,1288,里列格營地,普通,,0.19,0.81,,1
中區,南投縣,南投縣鹿谷鄉凍頂巷7-26號,1046,1294,野趣凍頂,好評,Hot,0.0,1.0,,1
中區,南投縣,南投縣國姓鄉旗洞巷4-18號,1087,1335,隱山蹤 露營區,普通,,0.15,0.85,,1
中區,南投縣,南投縣集集鎮梨頭巷26號,1092,1340,集集對岸農場,普通,,0.25,0.75,,1
中區,南投縣,南投縣中寮鄉清水村瀧林巷35-13號,1096,1344,雲峯農莊,普通,,0.1,0.9,,1
中區,南投縣,南投縣中寮鄉瀧林巷81-8號,1101,1349,雲淡風清營地,普通,,0.07,0.93,,1
中區,南投縣,南投縣竹山鎮中坑路318號,1104,1352,雲野露營區,普通,,0.21,0.79,,1
中區,南投縣,南投縣鹿谷鄉愛鄉路98-16號,1112,1360,露，山曉,普通,Hot,0.0,1.0,,1
中區,南投縣,南投縣竹山鎮鹿山路604號,1124,1372,靜竹星空景觀露營區,普通,Hot,0.04,0.96,,1
中區,南投縣,南投縣仁愛鄉,1125,1373,靼靶嶺森林露營區,普通,,0.0,1.0,,1
中區,南投縣,南投縣竹山鎮中山路809號,1126,1374,頂點前山 露營區,好評,,0.06,0.94,,1
中區,南投縣,南投縣埔里鎮水上巷28號,1129,1377,顏氏牧場,普通,Hot,0.17,0.83,,1
中區,南投縣,南投縣仁愛鄉中正路處左轉(人止關左前岔路轉入約4公里，15分路程73K1之1號,1133,1381,飛瀑露營區feipucamping,好評,,0.02,0.98,,1
中區,南投縣,南投縣鹿谷鄉堀邊巷1之27號,1158,1406,鹿谷麒麟潭 湖光露營區,普通,Hot,0.05,0.95,,1
中區,南投縣,南投縣鹿谷鄉中正路三段101之26號,1159,1407,鹿過星境露營區,普通,,0.17,0.83,,1
中區,南投縣,南投縣魚池鄉香茶巷28-5號,1161,1409,鹿露南投魚池露營區,普通,,0.18,0.82,,1
中區,南投縣,南投縣國姓鄉長福村長雙巷9號,1166,1414,黃金森林生態露營區,普通,Hot,0.04,0.96,,1
中區,南投縣,南投縣埔里鎮武界路28之10號,1172,1420,龍泉營地,好評,,0.03,0.97,,1
中區,南投縣,南投縣魚池鄉通文巷,1177,1425,⛺️林坡微步 露營區,好評,,0.08,0.92,,1
中區,南投縣,南投縣國姓鄉,1179,1427,上野左岸生態露營區,差評,,,,,1
中區,南投縣,南投縣國姓鄉北港村長北路128號,1191,1439,地球村休閒農場,差評,,,,,1
中區,南投縣,南投縣國姓鄉乾溝村中西巷6-2號,1193,1441,小野柳滑草場露營區,差評,,,,,1
中區,南投縣,南投縣魚池鄉長寮段,1195,1443,念念小憩,差評,,,,,1
中區,南投縣,南投縣埔里鎮成功里種瓜路120-8號,1196,1444,成功秘境露營場,差評,,,,,1
中區,南投縣,南投縣仁愛鄉新生村山林巷6-2號,1205,1453,月夢田露營區,好評,,,,,1
中區,南投縣,南投縣埔里鎮桃米路55-1號,1211,1459,樂活森林,好評,,,,,1
中區,南投縣,南投縣仁愛鄉互助村清風路73號,1213,1461,樸溯生活露營原區,差評,,,,,1
中區,南投縣,南投縣國姓鄉北港村長北路117號-1號,1215,1463,水中月民宿露營渡假村,差評,,,,,1
中區,南投縣,南投縣仁愛鄉定遠新村28號,1218,1466,清境小瑞士花園,差評,,,,,1
中區,南投縣,南投縣魚池鄉五馬巷2-6號,1220,1468,溪泮別館,差評,,,,,1
中區,南投縣,南投縣魚池鄉五馬巷2-2號,1221,1469,溪泮小屋,差評,,,,,1
中區,南投縣,南投縣竹山鎮鯉魚里鯉行路134號,1224,1472,牛母坪露營區,差評,,,,,1
中區,南投縣,南投縣中寮鄉和興村永樂路,1243,1491,長壽天然農場,差評,,,,,1
中區,南投縣,南投縣信義鄉雙龍村光復巷9-2號,1245,1493,雙龍景觀露營區,好評,,,,,1
中區,南投縣,南投縣魚池鄉福興巷20-16號,1251,1499,魚宙露營區,差評,,,,,1
中區,雲林縣,雲林縣斗六市十三南路65-1號,190,437,九九莊園休閒農場,差評,,0.0,1.0,,1
中區,雲林縣,雲林縣古坑鄉桃源1之31號,205,452,仙地咖啡,差評,Hot,0.27,0.73,,1
中區,雲林縣,雲林縣古坑鄉,208,455,仙夷農場,普通,,0.06,0.94,,1
中區,雲林縣,雲林縣古坑鄉,215,462,佳南美地露營區,普通,Hot,0.03,0.97,,1
中區,雲林縣,雲林縣斗六市,254,501,十三番生態農場露營區,普通,,0.46,0.54,,1
中區,雲林縣,雲林縣古坑鄉,255,502,十字關奢華在地露營區,好評,,0.23,0.77,,1
中區,雲林縣,雲林縣古坑鄉號,281,528,古坑5號莊園,好評,,0.0,1.0,,1
中區,雲林縣,雲林縣古坑鄉華南45號,282,529,古坑伴山邀休閒農場露營區,普通,,0.22,0.78,,1
中區,雲林縣,雲林縣古坑鄉尖山坑路69號,303,550,咖啡鄉 露營區,普通,,0.18,0.82,,1
中區,雲林縣,雲林縣古坑鄉華南村7之15號,343,590,夕霧山莊,好評,,0.0,1.0,,1
中區,雲林縣,雲林縣古坑鄉文淵路2巷,350,597,夢遊仙境露營區,普通,,0.05,0.95,,1
中區,雲林縣,雲林縣大埤鄉,631,878,松美莊園,好評,,,,,1
中區,雲林縣,雲林縣林內鄉忠庒18-20號,634,881,林家花園休閒露營區,好評,,0.03,0.97,,1
中區,雲林縣,雲林縣口湖鄉,658,906,椬梧滯洪池露營區(Free Campsite),普通,,0.17,0.83,,1
中區,雲林縣,雲林縣古坑鄉神木對面,659,907,楓寧翡翠咖啡莊園,好評,,,,,1
中區,雲林縣,雲林縣古坑鄉1-12號,745,993,湖光山舍,差評,Hot,0.08,0.92,,1
中區,雲林縣,雲林縣古坑鄉,817,1065,石壁休閒農場,好評,,0.0,1.0,,1
中區,雲林縣,雲林縣古坑鄉華山41號,944,1192,華山童軍營地,好評,,,,,1
中區,雲林縣,雲林縣古坑鄉80號,992,1240,賣一天民宿露營區,普通,,0.2,0.8,,1
中區,雲林縣,雲林縣林內鄉自強路1巷23之8號,1015,1263,逸境生態露營區,好評,,0.12,0.88,,1
中區,雲林縣,雲林縣古坑鄉石橋50之5號,1113,1361,露上樟湖露營區,普通,Hot,0.38,0.62,,1
南區,嘉義縣,嘉義縣番路鄉大湖村紅筆仔壽2之8號,4,16,三寶山露營區,普通,,0.22,0.78,,1
南區,嘉義縣,嘉義縣水上鄉三界埔段532-4地號,20,60,吉恩典山丘,普通,,0.21,0.79,,1
南區,嘉義縣,嘉義縣阿里山鄉樂野村,71,202,汪爸露營區,差評,,0.2,0.8,,1
南區,嘉義縣,嘉義縣阿里山鄉樂野村2鄰樂野68號,99,311,阿里山 迷糊露營區,差評,,0.26,0.74,,1
南區,嘉義縣,嘉義縣梅山鄉瑞峰村二坪仔15-1號,117,364,29.5k咖啡莊園&慢漫山林露營區,普通,Hot,0.06,0.94,,1
南區,嘉義縣,嘉義縣梅山鄉大坪57號,119,366,57秘密基地,普通,,0.0,1.0,,1
南區,嘉義縣,嘉義縣梅山鄉,176,423,三木生態教育園區,好評,,0.0,1.0,,1
南區,嘉義縣,嘉義縣水上鄉,178,425,三界埔農莊,普通,,0.0,1.0,,1
南區,嘉義縣,嘉義縣阿里山鄉,195,442,亞亞竹露營區,普通,,0.38,0.62,,1
南區,嘉義縣,嘉義縣竹崎鄉41之樟樹坪路1號號,210,457,仙腳趾景觀露營區,差評,,0.21,0.79,,1
南區,嘉義縣,嘉義縣阿里山鄉四鄰125-1號,217,464,來灣哈露營區,普通,,0.11,0.89,,1
南區,嘉義縣,嘉義縣竹崎鄉,222,469,光華頂笨仔遊憩區,普通,,0.2,0.8,,1
南區,嘉義縣,嘉義縣中埔鄉52號,229,476,八寶寮休閒中心,差評,Hot,0.28,0.72,,1
南區,嘉義縣,嘉義縣番路鄉岩仔10號,257,504,半天岩10號露營區,差評,,0.32,0.68,,1
南區,嘉義縣,嘉義縣番路鄉大華公路六段,258,505,半天岩梅王親子露營區,,Hot,0.4,0.6,,1
南區,嘉義縣,嘉義縣竹崎鄉中和村石棹22號,283,530,可逸訪 CozyFun丨阿里山嘉泰製茶所,好評,,0.0,1.0,,1
南區,嘉義縣,嘉義縣新港鄉221號,316,563,嘉義火雞母的天空,普通,,0.0,1.0,,1
南區,嘉義縣,嘉義縣梅山鄉龍眼林段附8號3號,322,569,國榮製茶所,好評,,0.0,1.0,,1
南區,嘉義縣,嘉義縣梅山鄉科子林林道,332,579,塔山下露營區,好評,,0.02,0.98,,1
南區,嘉義縣,嘉義縣竹崎鄉,335,582,塘湖古道露營農場,差評,,0.29,0.71,,1
南區,嘉義縣,嘉義縣番路鄉,342,589,夕落山居露營區,好評,,0.0,1.0,,1
南區,嘉義縣,嘉義縣大埔鄉,351,598,大埔露營區營地,普通,,0.06,0.94,,1
南區,嘉義縣,嘉義縣竹崎鄉22號,361,608,大白樹旅行村,好評,,0.0,1.0,,1
南區,嘉義縣,嘉義縣竹崎鄉光華村11鄰茄苳仔29號,373,620,天一露營區,好評,,0.03,0.97,,1
南區,嘉義縣,嘉義縣番路鄉,379,626,天長地久露營區,好評,,0.11,0.89,,1
南區,嘉義縣,嘉義縣梅山鄉樟樹湖17號,381,628,太和觀光果園露營區,差評,,0.03,0.97,,1
南區,嘉義縣,嘉義縣梅山鄉二鄰11號,382,629,太山農場露營區,普通,,0.04,0.96,,1
南區,嘉義縣,嘉義縣梅山鄉龍眼路59號,383,630,太平162停車露營,普通,,0.12,0.88,,1
南區,嘉義縣,嘉義縣梅山鄉8之8號,384,631,太平32彎露營區(車床天地特約),普通,,0.04,0.96,,1
南區,嘉義縣,嘉義縣番路鄉埔尾52之3號,392,639,好柿抵嘉農場,差評,,0.0,1.0,,1
南區,嘉義縣,嘉義縣梅山鄉,398,645,安靖見聊,好評,,0.0,1.0,,1
南區,嘉義縣,嘉義縣阿里山鄉樂野村2鄰70-6號,414,661,小森林露營區,,Hot,0.22,0.78,,1
南區,嘉義縣,嘉義縣梅山鄉,417,664,小瓶秘境休閒農場,,,0.18,0.82,,1
南區,嘉義縣,嘉義縣阿里山鄉一鄰附11號2號,448,695,山樂園,,,0.06,0.94,,1
南區,嘉義縣,嘉義縣阿里山鄉124號,452,699,山波Δ露營,差評,,0.24,0.76,,1
南區,嘉義縣,嘉義縣番路鄉,466,713,岩仔腳,差評,,0.2,0.8,,1
南區,嘉義縣,嘉義縣梅山鄉嘉154鄉道,510,757,悅日松林,好評,,0.03,0.97,,1
南區,嘉義縣,嘉義縣阿里山鄉段40號,530,777,拉拉克斯莊園,好評,,0.12,0.88,,1
南區,嘉義縣,嘉義縣阿里山鄉,534,781,高美休閒營區,差評,,0.03,0.97,,1
南區,嘉義縣,嘉義縣梅山鄉嘉151鄉道8k處1號,536,783,振峯茶園碧湖山營區,差評,Hot,0.32,0.68,,1
南區,嘉義縣,嘉義縣梅山鄉瑞峰村生毛樹附3號25號,566,813,日麗風合露營區,普通,Hot,0.04,0.96,,1
南區,嘉義縣,嘉義縣番路鄉,580,827,星晴朗露營區,好評,,0.23,0.77,,1
南區,嘉義縣,嘉義縣番路鄉,582,829,星月傳說露營區,,Hot,0.34,0.66,,1
南區,嘉義縣,嘉義縣番路鄉,584,831,星知心露營區,差評,,0.1,0.9,,1
南區,嘉義縣,嘉義縣竹崎鄉光華村2鄰頂笨仔23號,589,836,星空露營區,普通,,0.07,0.93,,1
南區,嘉義縣,嘉義縣阿里山鄉2鄰86號,596,843,晨光,好評,,0.02,0.98,,1
南區,嘉義縣,嘉義縣竹崎鄉光華村2鄰23號,599,846,景山露營區,差評,,0.38,0.62,,1
南區,嘉義縣,嘉義縣阿里山鄉,611,858,有夠遠露營區,差評,,0.11,0.89,,1
南區,嘉義縣,嘉義縣阿里山鄉8鄰205號,621,868,杉緣星空露營區,普通,Hot,0.03,0.97,,1
南區,嘉義縣,嘉義縣阿里山鄉,636,883,林間秘境露營區,好評,,0.12,0.88,,1
南區,嘉義縣,嘉義縣梅山鄉縣道公里166瑞水產業道路,638,885,格瑞菈森林~瑞里賞螢 露營區生態導覽 包場露營 親子露營活動,好評,,0.0,1.0,,1
南區,嘉義縣,嘉義縣梅山鄉7鄰22號,645,892,梅山雙溪夕陽星星露營區,好評,,0.0,1.0,,1
南區,嘉義縣,嘉義縣民雄鄉大學路一段與號正大路交叉口,696,944,民雄-納米運動休閒園區,普通,Hot,0.16,0.84,,1
南區,嘉義縣,嘉義縣番路鄉6號,703,951,水綠光露營知嘉,好評,,0.0,1.0,,1
南區,嘉義縣,嘉義縣梅山鄉縣道6.6公里號,709,957,沐玥星空露營區,好評,,0.08,0.92,,1
南區,嘉義縣,嘉義縣梅山鄉,716,964,油車寮露營區,普通,Hot,0.08,0.92,,1
南區,嘉義縣,嘉義縣番路鄉阿里山公路47.公里處5號,737,985,淺山尋露,好評,,0.05,0.95,,1
南區,嘉義縣,嘉義縣阿里山鄉第9鄰245附5號,771,1019,特富野伊利雅娜露營區,普通,,0.0,1.0,,1
南區,嘉義縣,嘉義縣番路鄉,776,1024,玉讚露營區,好評,,0.04,0.96,,1
南區,嘉義縣,嘉義縣梅山鄉橫山6號,786,1034,琢英露營場,差評,,0.39,0.61,,1
南區,嘉義縣,嘉義縣梅山鄉幼葉林3鄰69號,791,1039,瑞里幼葉林露營區,普通,,0.13,0.87,,1
南區,嘉義縣,嘉義縣梅山鄉幼葉林107號,792,1040,瑞里旭淳露營地,普通,,0.08,0.92,,1
南區,嘉義縣,嘉義縣梅山鄉附15號,793,1041,瑞里雲淡風輕露營區,普通,Hot,0.0,1.0,,1
南區,嘉義縣,嘉義縣阿里山鄉,795,1043,瓜地亞那Gwaliana,好評,,0.0,1.0,,1
南區,嘉義縣,嘉義縣中埔鄉灣潭子段13-24地號金記宅,804,1052,白石馬露營區,普通,,0.15,0.85,,1
南區,嘉義縣,嘉義縣番路鄉,823,1071,石腳桶,普通,,0.0,1.0,,1
南區,嘉義縣,嘉義縣中埔鄉10-8號,824,1072,石臥牛露營區,好評,,0.0,1.0,,1
南區,嘉義縣,嘉義縣阿里山鄉,833,1081,福山星月露營區,好評,Hot,0.0,1.0,,1
南區,嘉義縣,嘉義縣阿里山鄉2鄰82號,841,1089,禾田農莊,好評,,0.1,0.9,,1
南區,嘉義縣,嘉義縣竹崎鄉,842,1090,秋之林自然生態園區,差評,,0.59,0.41,,1
南區,嘉義縣,嘉義縣阿里山鄉里佳村里佳29號,851,1099,穿山甲露營區,好評,,0.0,1.0,,1
南區,嘉義縣,嘉義縣竹崎鄉鄉下厝6號,856,1104,竹崎棧車泊搭帳,好評,,0.0,1.0,,1
南區,嘉義縣,嘉義縣竹崎鄉白樹腳22號,857,1105,竹崎白樹腳驛棧,普通,Hot,0.11,0.89,,1
南區,嘉義縣,嘉義縣竹崎鄉23-,858,1106,竹崎開心農場,普通,,0.11,0.89,,1
南區,嘉義縣,嘉義縣阿里山鄉,882,1130,羅老爸的家,好評,,0.36,0.64,,1
南區,嘉義縣,嘉義縣阿里山鄉,901,1149,老鼠溪咖啡莊園營區Ａ區,普通,,0.23,0.77,,1
南區,嘉義縣,嘉義縣阿里山鄉老鼠溪農場,902,1150,老鼠溪露營區B區,普通,,0.0,1.0,,1
南區,嘉義縣,嘉義縣梅山鄉,910,1158,良亭花岩露營區,好評,,0.0,1.0,,1
南區,嘉義縣,嘉義縣番路鄉觸口村埔尾2號,914,1162,花田小露,好評,,0.23,0.77,,1
南區,嘉義縣,嘉義縣番路鄉,916,1164,花舞山嵐 農莊,普通,,0.03,0.97,,1
南區,嘉義縣,嘉義縣梅山鄉圳北村麻園寮5鄰23-6號,923,1171,芳秀露營區,普通,,0.07,0.93,,1
南區,嘉義縣,嘉義縣番路鄉,932,1180,草山螢營休閒農場,好評,,0.0,1.0,,1
南區,嘉義縣,嘉義縣阿里山鄉,933,1181,荒郊野外露營區,好評,,0.0,1.0,,1
南區,嘉義縣,嘉義縣阿里山鄉33號,956,1204,藍色33號窩露營區,好評,,0.03,0.97,,1
南區,嘉義縣,嘉義縣梅山鄉之7號,966,1214,螢火蟲茗茶 露營場,普通,,0.25,0.75,,1
南區,嘉義縣,嘉義縣中埔鄉1號,980,1228,詩情花園度假村,普通,Hot,0.0,1.0,,1
南區,嘉義縣,嘉義縣阿里山鄉,1021,1269,受不寮露營區,差評,,0.27,0.73,,1
南區,嘉義縣,嘉義縣梅山鄉大坪83號,1067,1315,阿南伯車床天地,普通,,0.1,0.9,,1
南區,嘉義縣,嘉義縣阿里山鄉四鄰129-11號,1074,1322,倉伯露營區,好評,Hot,0.18,0.82,,1
南區,嘉義縣,嘉義縣竹崎鄉光華村頂笨宅1鄰2-2號,1075,1323,阿里山仙坪露營區,普通,Hot,0.1,0.9,,1
南區,嘉義縣,嘉義縣竹崎鄉UnnamedRoad,1076,1324,阿里山冠銘露營區,普通,,0.17,0.83,,1
南區,嘉義縣,嘉義縣阿里山鄉樂野村,1077,1325,阿里山有機小農露營區,普通,,0.09,0.91,,1
南區,嘉義縣,嘉義縣阿里山鄉巴沙娜至十字部落聯絡道,1078,1326,阿里山特富野古道露營區,普通,,0.08,0.92,,1
南區,嘉義縣,嘉義縣竹崎鄉511號,1079,1327,阿里山石窯園露營區,普通,Hot,0.05,0.95,,1
南區,嘉義縣,嘉義縣番路鄉茶科159甲線道26k,1080,1328,露營樂9號店,好評,,0.09,0.91,,1
南區,嘉義縣,嘉義縣竹崎鄉笨仔遊憩區,1081,1329,阿里山螢火蟲,好評,,0.0,1.0,,1
南區,嘉義縣,嘉義縣竹崎鄉2311號,1082,1330,阿里山頂笨仔綠野仙蹤露營區,,,0.21,0.79,,1
南區,嘉義縣,嘉義縣竹崎鄉中和村永和5-9號,1097,1345,雲景咖啡露營區,差評,Hot,0.12,0.88,,1
南區,嘉義縣,嘉義縣大埔鄉,1099,1347,雲水山露營區,普通,,0.02,0.98,,1
南區,嘉義縣,嘉義縣梅山鄉,1155,1403,鷺野之家,差評,,0.3,0.7,,1
南區,嘉義縣,嘉義縣東石鄉,1167,1415,黑皮休閒農庄,普通,,0.09,0.91,,1
南區,嘉義縣,嘉義縣番路鄉龍頭之19號17號,1174,1422,龍銀山花園＆露營,差評,,0.36,0.64,,1
南區,嘉義縣,嘉義縣番路鄉8鄰3號,1176,1424,阿里山 龍頂山,好評,,0.12,0.88,,1
南區,嘉義縣,嘉義縣番路鄉公興村中寮3鄰5-10號,1217,1465,淺山尋露,好評,,,,,1
南區,嘉義縣,嘉義縣阿里山鄉達邦村189-1號,1240,1488,達明休憩農場,好評,,,,,1
南區,嘉義縣,嘉義縣阿里山鄉樂野村138號,1252,1500,鹿過好美露營區,好評,,,,,1
南區,台南市,台南市龍崎區23-2號,114,361,167咖啡 海銀花園,普通,Hot,0.05,0.95,,1
南區,台南市,台南市左鎮區,131,378,Glamping Riverside曲水左鎮,好評,,0.12,0.88,,1
南區,台南市,台南市關廟區靶場一街126號,134,381,Horse on 馬上露營,好評,,0.0,1.0,,1
南區,台南市,台南市左鎮區澄山51-1號,141,388,LOHAS澄沐樂活,差評,,0.35,0.65,,1
南區,台南市,台南市歸仁區智慧綠能大道二段500巷20號,164,411,一水綠舟莊園,好評,Hot,0.0,1.0,,1
南區,台南市,台南市左鎮區龍崎產業道路,192,439,二寮聚樂部,好評,,0.0,1.0,,1
南區,台南市,台南市佳里區麻佳路三段138巷150弄21號,238,485,冠達驛站,好評,,,,,1
南區,台南市,台南市玉井區85號,247,494,加利利以琳露營區,差評,,,,,1
南區,台南市,台南市官田區,250,497,北側露營區,差評,,0.4,0.6,,1
南區,台南市,台南市官田區南119鄉道南120鄉道南119鄉道南120鄉道,272,519,卧虎營區,好評,,0.0,1.0,,1
南區,台南市,台南市南化區,273,520,印月農莊,差評,,0.35,0.65,,1
南區,台南市,台南市白河區37號,310,557,善知院-禪的生活園地,普通,,0.09,0.91,,1
南區,台南市,台南市將軍區南18鄉道81號,409,656,將軍彩繪公園,好評,,0.0,1.0,,1
南區,台南市,台南市柳營區60號,424,671,尖山埤營地,差評,,0.19,0.81,,1
南區,台南市,台南市山上區號,432,679,山上別院 Yamakami Living,好評,,0.0,1.0,,1
南區,台南市,台南市玉井區沙田1之6號,605,852,曉晴星空台南玉沙農場營區,好評,,0.06,0.94,,1
南區,台南市,台南市楠西區香蕉山51之6號,647,894,梅嶺露營區,好評,,0.08,0.92,,1
南區,台南市,台南市楠西區灣丘里梅嶺,648,895,梅嶺青青河畔茶樹露營區,差評,,0.64,0.36,,1
南區,台南市,台南市楠西區,661,909,楠西碧園(車床天地棧點),好評,,0.0,1.0,,1
南區,台南市,台南市安平區安億路77號,755,1003,漫度漁光,,Hot,0.38,0.62,,1
南區,台南市,台南市楠西區,779,1027,王董農莊,差評,,0.0,1.0,,1
南區,台南市,台南市官田區八田路三段櫻花巷59號,783,1031,珊瑚潭童軍露營中心,普通,,,,,1
南區,台南市,台南市官田區,784,1032,珊瑚潭草地露營區,普通,,0.33,0.67,,1
南區,台南市,台南市安南區安明路四段843號,802,1050,白毛獵人露營農場,差評,Hot,0.41,0.59,,1
南區,台南市,台南市東山區油礦12鄰36-4號,831,1079,祥和長老教會 龍秋紀念營地,好評,,0.0,1.0,,1
南區,台南市,台南市大內區123號,889,1137,群木淺嚐露營區,普通,,0.15,0.85,,1
南區,台南市,台南市柳營區神農里7鄰新厝100號,938,1186,荷蘭村露營區,普通,Hot,0.05,0.95,,1
南區,台南市,台南市楠西區,952,1200,蔡媽媽菜園,好評,,0.0,1.0,,1
南區,台南市,台南市新化區中興路42巷36號,962,1210,虎頭埤露營區,差評,Hot,0.46,0.54,,1
南區,台南市,台南市大內區UnnamedRoad,995,1243,走馬瀨農場露營區,,,0.35,0.65,,1
南區,台南市,台南市白河區93鄉道1.公里處5號,1057,1305,銀河生態農場[車泊露營,普通,,0.0,1.0,,1
南區,台南市,台南市白河區關嶺里南寮8鄰19一16號,1065,1313,關子嶺開心休閒農場,差評,,0.38,0.62,,1
南區,台南市,台南市白河區內3之7號,1107,1355,雲頂松林露營區,差評,,0.72,0.28,,1
南區,台南市,台南市左鎮區光和65之5號,1118,1366,露營樂1號店,好評,Hot,0.24,0.76,,1
南區,高雄市,高雄市桃源區,29,81,大學林,普通,,0.21,0.79,,1
南區,高雄市,高雄市桃源區,33,91,好望角,差評,,0.34,0.66,,1
南區,高雄市,高雄市桃源區,50,145,文家果園,,Hot,0.23,0.77,,1
南區,高雄市,高雄市六龜區和平路151-16號,95,300,野獸休閒基地,普通,,0.42,0.58,,1
南區,高雄市,高雄市桃源區15-12號,109,347,鳳之凰露營區,好評,,0.0,1.0,,1
南區,高雄市,高雄市桃源區南橫公路三段3-2號,111,358,(南橫)開心休閒露營區,好評,,0.04,0.96,,1
南區,高雄市,高雄市桃源區,130,377,Daluhan 露營,普通,,0.17,0.83,,1
南區,高雄市,高雄市桃源區勤和舊部落產業道路,138,385,Laung 石頭露營區,普通,,0.11,0.89,,1
南區,高雄市,高雄市岡山區里菜寮路2-20號,145,392,MON JOU 野奢二號露營莊園,差評,,0.56,0.44,,1
南區,高雄市,高雄市茂林區,161,408,一山沐露營區,好評,,0.0,1.0,,1
南區,高雄市,高雄市六龜區新開路110號,219,466,依山山露營區,普通,,0.07,0.93,,1
南區,高雄市,高雄市內門區,226,473,內門小田園露營區,好評,,0.0,1.0,,1
南區,高雄市,高雄市內門區田子墘2號,227,474,內門瑞山樂活田莊露營區,普通,,0.07,0.93,,1
南區,高雄市,高雄市六龜區裕濃路1之7號,234,481,六龜快樂熊露營區,普通,,0.43,0.57,,1
南區,高雄市,高雄市六龜區獅山15之20號,235,482,六龜新發麒麟露營區,,,0.26,0.74,,1
南區,高雄市,高雄市六龜區光明巷40號,236,483,六龜童趣休憩露營區,好評,,0.0,1.0,,1
南區,高雄市,高雄市六龜區和平路305-2號,237,484,六龜陽光綠地水世界露營區,普通,Hot,0.12,0.88,,1
南區,高雄市,高雄市旗山區中寮二路49之2號,260,507,南屏山露營區,差評,,0.25,0.75,,1
南區,高雄市,高雄市桃源區梅山巷,268,515,南橫梅山口農場露營,普通,,0.03,0.97,,1
南區,高雄市,高雄市內門區,301,548,呼叫223農場,普通,,0.1,0.9,,1
南區,高雄市,高雄市桃源區南橫公路三段300號,302,549,和風休閒露營區,普通,,0.22,0.78,,1
南區,高雄市,高雄市六龜區土壠149之10號,319,566,嚮露,好評,Hot,0.0,1.0,,1
南區,高雄市,高雄市大樹區和山路40號,324,571,土由上園,好評,,0.0,1.0,,1
南區,高雄市,高雄市六龜區和平路130-35號,352,599,大山拾光休閒莊園,好評,Hot,0.04,0.96,,1
南區,高雄市,高雄市大樹區統嶺路62-19號,354,601,大樂休閒農場,好評,,0.0,1.0,,1
南區,高雄市,高雄市大樹區三和路,356,603,大樹忘憂園,好評,,0.0,1.0,,1
南區,高雄市,高雄市桃源區寶山巷9-9號,388,635,太陽回首的地方,好評,,0.0,1.0,,1
南區,高雄市,高雄市六龜區裕濃路81巷25-36號,402,649,家營農場露營區,普通,,0.13,0.87,,1
南區,高雄市,高雄市內門區34號,408,655,將軍山歐舍營地,好評,,0.03,0.97,,1
南區,高雄市,高雄市茂林區縣10公里處,422,669,小長城露營區,差評,,0.28,0.72,,1
南區,高雄市,高雄市桃源區南橫公路三段388號,438,685,山中水手露營區,好評,,0.0,1.0,,1
南區,高雄市,高雄市六龜區尾庒路55-2號,450,697,山水炎民宿露營區,差評,,0.62,0.38,,1
南區,高雄市,高雄市六龜區和平路290號,491,738,彩虹森林快樂農場露營區,,,0.24,0.76,,1
南區,高雄市,高雄市茂林區68號,513,760,情人谷休閒營地,普通,,0.03,0.97,,1
南區,高雄市,高雄市彌陀區新庄路1-268號,516,763,愛琴海岸海景渡假農場,普通,,0.05,0.95,,1
南區,高雄市,高雄市六龜區南橫公路,523,770,戀戀南橫2071露營區,,,0.0,1.0,,1
南區,高雄市,高雄市那瑪夏區平和巷209之1號,531,778,拉比尼亞露營山莊,普通,Hot,0.12,0.88,,1
南區,高雄市,高雄市六龜區三民路107號,587,834,星空幽谷休閒露營農莊,普通,,0.28,0.72,,1
南區,高雄市,高雄市茂林區萬山里萬山巷38-20號,595,842,春天生態農場,普通,,0.0,1.0,,1
南區,高雄市,高雄市內門區木柵木柵教會隔壁43號,609,856,月媽媽快樂露營區,普通,,0.11,0.89,,1
南區,高雄市,高雄市桃源區梅山巷,644,891,梅園野營秘境,普通,,0.04,0.96,,1
南區,高雄市,高雄市桃源區南部橫貫公路,646,893,梅山露營區,差評,Hot,0.54,0.46,熱門但負評比例超過50%,1
南區,高雄市,高雄市六龜區復興巷37-21號,669,917,樂暢園,好評,,0.0,1.0,,1
南區,高雄市,高雄市桃源區南橫公路三段東莊巷30之6號,681,929,櫻之谷露營區,普通,,0.13,0.87,,1
南區,高雄市,高雄市六龜區東溪山莊12之20號,714,962,河畔秘境,普通,,0.12,0.88,,1
南區,高雄市,高雄市六龜區和平路130-38號,718,966,泗高露棧,差評,,0.03,0.97,,1
南區,高雄市,高雄市桃源區,730,978,海拉努休閒露營,普通,Hot,0.07,0.93,,1
南區,高雄市,高雄市茂林區,744,992,渡露灣的家,差評,,0.28,0.72,,1
南區,高雄市,高雄市六龜區,753,1001,溫德莊園,好評,,0.03,0.97,,1
南區,高雄市,高雄市茂林區茂林巷15之65號,760,1008,烏啦露營區,好評,,0.0,1.0,,1
南區,高雄市,高雄市茂林區茂林巷116號,761,1009,烏巴克藝術空間,普通,,0.12,0.88,,1
南區,高雄市,高雄市茂林區多納林道,780,1028,玥納露營區,普通,,0.11,0.89,,1
南區,高雄市,高雄市桃源區建山巷15-10號,781,1029,玳菈Daiza,好評,,0.0,1.0,,1
南區,高雄市,高雄市茂林區,785,1033,琉璃灣露營區,普通,,0.24,0.76,,1
南區,高雄市,高雄市內門區,788,1036,瑞山樂活田莊民宿區,普通,,0.09,0.91,,1
南區,高雄市,高雄市內門區高136鄉道,797,1045,田仔墘溝,普通,,0.0,1.0,,1
南區,高雄市,高雄市內門區,798,1046,田子路貳之壹露營區,好評,,0.0,1.0,,1
南區,高雄市,高雄市六龜區裕濃路81巷12之30號,835,1083,福濃,差評,,0.46,0.54,,1
南區,高雄市,高雄市桃源區梅山巷18號,865,1113,紅橋露營區,普通,,0.12,0.88,,1
南區,高雄市,高雄市美濃區中正路二段58巷39號,883,1131,美圳露營區,,,0.23,0.77,,1
南區,高雄市,高雄市美濃區成功路460巷1號,886,1134,美濃熊咖啡農場,好評,,0.0,1.0,,1
南區,高雄市,高雄市桃源區上寶來產業道路107-50號,887,1135,美秀台咖啡莊園露營區,好評,,0.17,0.83,,1
南區,高雄市,高雄市內門區埤後1-1號,896,1144,老爺的家露營區,普通,,0.09,0.91,,1
南區,高雄市,高雄市內門區號,927,1175,茂升山林,普通,,0.04,0.96,,1
南區,高雄市,高雄市六龜區,931,1179,草地人溫泉露營區,普通,,1.0,0.0,,1
南區,高雄市,高雄市六龜區裕濃路81巷18號,936,1184,荖濃有機農場露營區,差評,,0.04,0.96,,1
南區,高雄市,高雄市茂林區萬山里,947,1195,萬山寨休閒露營區,,,0.23,0.77,,1
南區,高雄市,高雄市燕巢區泥火山附近,954,1202,蕭窯鋕寨,好評,,0.0,1.0,,1
南區,高雄市,高雄市桃源區寶山巷98之10號,957,1205,藤枝製茶露營區,普通,,0.07,0.93,,1
南區,高雄市,高雄市六龜區和平路303-5號,959,1207,蘇菲凱文露營莊園,差評,Hot,0.26,0.74,,1
南區,高雄市,高雄市桃源區,985,1233,豐林農場露營區,,,0.2,0.8,,1
南區,高雄市,高雄市那瑪夏區880120號,990,1238,貴梅露營區,普通,,0.12,0.88,,1
南區,高雄市,高雄市六龜區三民路70號,1003,1251,輕風椰林,好評,Hot,0.07,0.93,,1
南區,高雄市,高雄市桃源區寶山巷98-3號,1007,1255,迪哈您露營區,普通,,0.17,0.83,,1
南區,高雄市,高雄市那瑪夏區,1022,1270,達里沐露營區,普通,,0.17,0.83,,1
南區,高雄市,高雄市六龜區,1023,1271,遠山望月 花旗木林草坪露營區,普通,,0.0,1.0,,1
南區,高雄市,高雄市六龜區花賞溫泉公園,1024,1272,遠山望月溫泉風呂 露營區,差評,Hot,0.26,0.74,,1
南區,高雄市,高雄市那瑪夏區,1030,1278,那次嵐露營區,差評,,0.17,0.83,,1
南區,高雄市,高雄市六龜區,1031,1279,邦腹溪營地,差評,,0.67,0.33,,1
南區,高雄市,高雄市桃源區寶山巷98-30號,1069,1317,阿桂果園,普通,,0.04,0.96,,1
南區,高雄市,高雄市桃源區,1072,1320,阿爾山露營區,普通,,0.03,0.97,,1
南區,高雄市,高雄市桃源區,1083,1331,陳寶山的家,好評,,0.0,1.0,,1
南區,高雄市,高雄市杉林區通仙巷236號,1084,1332,陸石五木露營區,好評,Hot,0.03,0.97,,1
南區,高雄市,高雄市岡山區三和里菜寮路2-26號,1086,1334,隱君子的撒野,好評,,0.0,1.0,,1
南區,高雄市,高雄市那瑪夏區平和巷209之10號,1088,1336,雅悠露營區,好評,,0.0,1.0,,1
南區,高雄市,高雄市桃源區寶山巷101號,1093,1341,集頂山莊園咖啡,普通,Hot,0.0,1.0,,1
南區,高雄市,高雄市六龜區尾庄55之2號,1116,1364,露悠悠Glamping,好評,Hot,0.07,0.93,,1
南區,高雄市,高雄市旗津區旗津三路51號,1119,1367,露營樂2號店(狩獵帳),普通,Hot,0.11,0.89,,1
南區,高雄市,高雄市桃源區15-9號,1121,1369,露碼LOMAH休閒營區,好評,,0.0,1.0,,1
南區,高雄市,高雄市內門區華園3912號,1122,1370,露舍營家入口,好評,,0.0,1.0,,1
南區,高雄市,高雄市美濃區獅山街美濃三聖堂旁73之8號,1132,1380,飄漂生態農場,普通,,0.19,0.81,,1
南區,高雄市,高雄市杉林區桐竹路61-12號,1146,1394,高雄_桂田休閒莊園露營區,普通,,0.15,0.85,,1
南區,高雄市,高雄市六龜區,1147,1395,高雄六龜十八羅漢山露營區,,Hot,0.11,0.89,,1
南區,高雄市,高雄市美濃區吉洋里外六寮500號,1148,1396,高雄同學農場,差評,,0.43,0.57,,1
南區,高雄市,高雄市旗山區旗亭巷500弄99號,1163,1411,麗湖探索教育園區,差評,,0.36,0.64,,1
南區,高雄市,高雄市那瑪夏區,1164,1412,麥的莊園露營區,好評,,0.0,1.0,,1
南區,高雄市,高雄市六龜區寶來村中正路132號,1233,1481,芳晨溫泉渡假村,差評,,,,,1
南區,屏東縣,屏東縣牡丹鄉,127,374,Cedas太陽那邊,好評,,0.0,1.0,,1
南區,屏東縣,屏東縣牡丹鄉石門村1-14號,135,382,kikiu綠地露營區,普通,,0.14,0.86,,1
南區,屏東縣,屏東縣萬巒鄉新安路52號,143,390,Maison De Verre 梅森維拉玻璃屋莊園,差評,Hot,0.71,0.29,熱門但負評比例超過50%,1
南區,屏東縣,屏東縣牡丹鄉,146,393,Nasi深呼吸,好評,,0.0,1.0,,1
南區,屏東縣,屏東縣牡丹鄉,150,397,qaluvu卡魯夫農場,好評,,0.04,0.96,,1
南區,屏東縣,屏東縣滿州鄉南仁路11號,157,404,WADA野居露營地,普通,,0.15,0.85,,1
南區,屏東縣,屏東縣牡丹鄉大梅路68之9號,196,443,亞利桑娜露營區,普通,,0.04,0.96,,1
南區,屏東縣,屏東縣三地門鄉民族巷100-4號,212,459,伊部落露營區,好評,,0.0,1.0,,1
南區,屏東縣,屏東縣萬巒鄉光復路53號,276,523,原然小農露營農場,差評,,0.5,0.5,,1
南區,屏東縣,屏東縣牡丹鄉石門路17號,278,525,叢林原色,好評,,0.0,1.0,,1
南區,屏東縣,屏東縣霧台鄉小山巷2-18號,280,527,古仁人露營區,好評,,0.07,0.93,,1
南區,屏東縣,屏東縣泰武鄉良武巷168號,317,564,噠噠鞍咖啡農莊,普通,,0.0,1.0,,1
南區,屏東縣,屏東縣泰武鄉良武巷132號,326,573,地福露安休閒露營區,普通,,0.06,0.94,,1
南區,屏東縣,屏東縣泰武鄉老潭巷110號,327,574,地穀倉咖啡露營區,好評,,0.0,1.0,,1
南區,屏東縣,屏東縣車城鄉竹社路9之3號,336,583,墾丁溪之谷樹屋農場,普通,,0.0,1.0,,1
南區,屏東縣,屏東縣恆春鎮鵝鑾里船帆路238-2號,337,584,墾丁香蕉灣原始林露營區,差評,,0.27,0.73,,1
南區,屏東縣,屏東縣春日鄉士文路52-2號,340,587,士文自然休閒農場,普通,,0.09,0.91,,1
南區,屏東縣,屏東縣泰武鄉,344,591,多阿隆農莊,普通,,0.11,0.89,,1
南區,屏東縣,屏東縣泰武鄉佳興部落至舊武潭部落聯絡道路,345,592,多露屋外露營區,好評,,0.03,0.97,,1
南區,屏東縣,屏東縣萬巒鄉光明路42-10號,349,596,夢象家戶外基地,差評,,0.45,0.55,,1
南區,屏東縣,屏東縣霧台鄉東川巷63號,357,604,大武山莊,差評,,0.45,0.55,,1
南區,屏東縣,屏東縣春日鄉春日路勿使用地址導航67號,358,605,大漢山森林療癒農場,普通,,0.06,0.94,,1
南區,屏東縣,屏東縣琉球鄉肚仔坪路15之2號,416,663,小琉球特區營地,普通,Hot,0.0,1.0,,1
南區,屏東縣,屏東縣高樹鄉大山一路60號,427,674,尚田休閒驛站 附設露營,普通,,0.14,0.86,,1
南區,屏東縣,屏東縣三地門鄉德文村,430,677,屏東三地門_德文獵人學校民宿露營區,差評,,0.27,0.73,,1
南區,屏東縣,屏東縣萬巒鄉信敏路1-12號,460,707,山野包棟民宿,普通,,0.0,1.0,,1
南區,屏東縣,屏東縣牡丹鄉源路1之20號,461,708,山野旭日灣露營區,差評,,0.44,0.56,,1
南區,屏東縣,屏東縣春日鄉,474,721,巴古慕咖啡莊園,普通,,0.04,0.96,,1
南區,屏東縣,屏東縣牡丹鄉片埔路,475,722,巴拿星空露營區,普通,,0.08,0.92,,1
南區,屏東縣,屏東縣獅子鄉村竹坑巷2之9號,477,724,巴里露營區,好評,,0.06,0.94,,1
南區,屏東縣,屏東縣三地門鄉,499,746,德文老鷹觀景台,好評,,0.0,1.0,,1
南區,屏東縣,屏東縣恆春鎮白砂路31-2號,502,749,快樂白沙露營區,,Hot,0.16,0.84,,1
南區,屏東縣,屏東縣高樹鄉世一路100之20號,503,750,念念不忘棧點,好評,,0.0,1.0,,1
南區,屏東縣,屏東縣霧台鄉谷川部落4號,522,769,慕谷灣露營休憩區,,,0.17,0.83,,1
南區,屏東縣,屏東縣三地門鄉UnnamedRoad,527,774,戴雅露營區,好評,,0.06,0.94,,1
南區,屏東縣,屏東縣泰武鄉泰武部落至佳興部落聯絡道路,560,807,日光境,普通,,0.21,0.79,,1
南區,屏東縣,屏東縣牡丹鄉旭海路1-8號,567,814,旭海MaNa瑪娜園區,好評,,0.0,1.0,,1
南區,屏東縣,屏東縣牡丹鄉旭海路1-16號,568,815,旭海九大露營區,差評,,0.46,0.54,,1
南區,屏東縣,屏東縣牡丹鄉東海路47-11號,569,816,旭海日出東方 露營區,普通,,0.15,0.85,,1
南區,屏東縣,屏東縣牡丹鄉東海路15-6號,570,817,旭海灣,普通,,0.0,1.0,,1
南區,屏東縣,屏東縣牡丹鄉旭海路95之6號,571,818,旭海舞浪園民宿露營區,普通,Hot,0.06,0.94,,1
南區,屏東縣,屏東縣牡丹鄉東海路47之12號,572,819,旭海順益露營區,差評,,0.19,0.81,,1
南區,屏東縣,屏東縣泰武鄉通往舊泰武村的路上,597,844,普查卡朗露營區,普通,,0.3,0.7,,1
南區,屏東縣,屏東縣鹽埔鄉,616,863,朱家老號烤肉露營區,好評,,0.0,1.0,,1
南區,屏東縣,屏東縣高樹鄉祥興街179號,630,877,松秀雅築露營場,差評,,0.33,0.67,,1
南區,屏東縣,屏東縣牡丹鄉村東源路137號,635,882,林沐林 親子露營區,好評,,0.0,1.0,,1
南區,屏東縣,屏東縣瑪家鄉崑山巷16號,642,889,桃花園,普通,Hot,0.14,0.86,,1
南區,屏東縣,屏東縣琉球鄉復興路32-15號,662,910,樂園露營區,普通,,0.17,0.83,,1
南區,屏東縣,屏東縣滿州鄉福德路2-8號,673,921,樂逃園,普通,,0.04,0.96,,1
南區,屏東縣,屏東縣泰武鄉2鄰21號,699,947,水悠悠農場,普通,,0.13,0.87,,1
南區,屏東縣,屏東縣牡丹鄉大梅路1之20號,715,963,河畔露營區,普通,,0.14,0.86,,1
南區,屏東縣,屏東縣泰武鄉佳平巷190-20號,721,969,泰武之眼,好評,,0.0,1.0,,1
南區,屏東縣,屏東縣恆春鎮島路200-2號,729,977,海山露營區,普通,,0.11,0.89,,1
南區,屏東縣,屏東縣瑪家鄉6730號,734,982,涼山一號棧,好評,,0.0,1.0,,1
南區,屏東縣,屏東縣佳冬鄉,751,999,溪海岸,好評,,0.0,1.0,,1
南區,屏東縣,屏東縣泰武鄉5鄰510號,758,1006,灞吶山莊,差評,,0.4,0.6,,1
南區,屏東縣,屏東縣獅子鄉四巷943號60之1號,773,1021,獅子鄉奇荖亢露營地,普通,,0.18,0.82,,1
南區,屏東縣,屏東縣瑪家鄉瑪家道路,774,1022,獵人露營區,普通,,0.03,0.97,,1
南區,屏東縣,屏東縣恆春鎮白砂路31號,805,1053,白砂海景露營區,差評,,0.38,0.62,,1
南區,屏東縣,屏東縣霧台鄉神山巷1-16號,828,1076,神山卡布魯露營區,普通,,0.06,0.94,,1
南區,屏東縣,屏東縣萬巒鄉新安路52號,847,1095,穎達X 沐麓生態休閒農場,,Hot,0.2,0.8,,1
南區,屏東縣,屏東縣獅子鄉丹路二巷60號,863,1111,粑鳩璐農場,普通,,0.15,0.85,,1
南區,屏東縣,屏東縣南州鄉永安路1號,864,1112,糖居歲月,好評,,0.0,1.0,,1
南區,屏東縣,屏東縣泰武鄉,867,1115,紗舍客棧咖啡莊園露營區,差評,,0.19,0.81,,1
南區,屏東縣,屏東縣高樹鄉義興路16之1號,877,1125,綠野遊蹤民宿露營區,差評,,0.19,0.81,,1
南區,屏東縣,屏東縣牡丹鄉大梅路1之7號,943,1191,華園露營民宿,,,0.24,0.76,,1
南區,屏東縣,屏東縣萬丹鄉香內路331巷190號,946,1194,萬丹蜂香園,好評,,0.0,1.0,,1
南區,屏東縣,屏東縣萬巒鄉縣道公里,984,1232,豆趣農場,普通,,0.0,1.0,,1
南區,屏東縣,屏東縣恆春鎮,987,1235,貓仔坑露營區,普通,,0.4,0.6,,1
南區,屏東縣,屏東縣三地門鄉賽嘉巷120號,993,1241,賽嘉樂園,差評,,0.31,0.69,,1
南區,屏東縣,屏東縣三地門鄉,1001,1249,車床天地德文棧,普通,,0.11,0.89,,1
南區,屏東縣,屏東縣枋山鄉,1002,1250,車露,普通,,0.1,0.9,,1
南區,屏東縣,屏東縣高樹鄉勝利路1之20號,1004,1252,輕鬆露營地,普通,,0.21,0.79,,1
南區,屏東縣,屏東縣里港鄉過江路67-35號,1042,1290,里港河堤秘境,普通,Hot,0.0,1.0,,1
南區,屏東縣,屏東縣牡丹鄉大梅路68之27號,1070,1318,阿法里露營區,好評,,0.0,1.0,,1
南區,屏東縣,屏東縣霧台鄉神山巷1-22號,1109,1357,霧台神山Ra噠呢露營區,差評,,0.35,0.65,,1
南區,屏東縣,屏東縣霧台鄉神山巷1-9號,1110,1358,霧台神山賴媽媽驛棧,普通,,0.12,0.88,,1
南區,屏東縣,屏東縣瑪家鄉,1111,1359,霧與啡露營區,好評,,0.03,0.97,,1
南區,屏東縣,屏東縣泰武鄉佳興部落至舊武潭部落聯絡道路與號泰佳道路交叉口後方200公尺,1151,1399,鵰瓦納休閒露營區,普通,,0.09,0.91,,1
南區,屏東縣,屏東縣高樹鄉公平路1-75號,1169,1417,黑豬的家私人會館(平日需預約）,好評,,0.03,0.97,,1
南區,屏東縣,屏東縣高樹鄉明義路9號,1171,1419,黑黑小農 glamping,好評,,0.0,1.0,,1
東區,花蓮縣,花蓮縣豐濱鄉港口村石梯坪33號,80,236,眺浪營地,普通,,0.15,0.85,,1
東區,花蓮縣,花蓮縣光復鄉157之1號,84,249,納格林野營,好評,,0.0,1.0,,1
東區,花蓮縣,花蓮縣秀林鄉崇德192之9號,112,359,#太陽農莊,好評,,0.02,0.98,,1
東區,花蓮縣,花蓮縣秀林鄉佳民98號,123,370,Aki camping,好評,,,,,1
東區,花蓮縣,花蓮縣秀林鄉98-22號,124,371,AKI Camping 車宿露營區,好評,,0.03,0.97,,1
東區,花蓮縣,花蓮縣秀林鄉號,148,395,O.B露營小屋,好評,,0.0,1.0,,1
東區,花蓮縣,花蓮縣新城鄉順安村,149,396,Ocean Chill 海憩露營區,好評,,0.19,0.81,,1
東區,花蓮縣,花蓮縣吉安鄉福昌路800號,170,417,七腳川露營民宿,普通,,0.33,0.67,,1
東區,花蓮縣,花蓮縣秀林鄉192之21號,245,492,利巴哈克露營區,普通,,0.12,0.88,,1
東區,花蓮縣,花蓮縣豐濱鄉,248,495,加利利海石梯坪露營區,普通,Hot,0.2,0.8,,1
東區,花蓮縣,花蓮縣瑞穗鄉興鶴路一段42號,296,543,吉米雄露營地,普通,,0.0,1.0,,1
東區,花蓮縣,花蓮縣秀林鄉崇德192之45號,318,565,嚮海·邊境Yearning for the sea,好評,,0.0,1.0,,1
東區,花蓮縣,花蓮縣壽豐鄉,348,595,夢星緣｜車宿、野營,好評,,0.0,1.0,,1
東區,花蓮縣,花蓮縣秀林鄉,360,607,大理石營地,普通,,0.18,0.82,,1
東區,花蓮縣,花蓮縣卓溪鄉,386,633,太平溪源營地,好評,,0.0,1.0,,1
東區,花蓮縣,花蓮縣卓溪鄉,387,634,太平谷營地,普通,,0.0,1.0,,1
東區,花蓮縣,花蓮縣秀林鄉,389,636,奇萊山北峰三叉營地,普通,,0.09,0.91,,1
東區,花蓮縣,花蓮縣秀林鄉,390,637,奇蹟農場,差評,,0.33,0.67,,1
東區,花蓮縣,花蓮縣玉里鎮,397,644,安通十全果園露營區,好評,,0.0,1.0,,1
東區,花蓮縣,花蓮縣秀林鄉民治97號,449,696,山民治97漫活營地,好評,,0.0,1.0,,1
東區,花蓮縣,花蓮縣萬榮鄉219號,464,711,山風露宿,好評,,0.05,0.95,,1
東區,花蓮縣,花蓮縣秀林鄉下台地,468,715,崇德瑩農場,普通,,0.23,0.77,,1
東區,花蓮縣,花蓮縣秀林鄉70-,476,723,巴罕營家,好評,Hot,0.0,1.0,,1
東區,花蓮縣,花蓮縣壽豐鄉月眉村月眉二段37-1號,494,741,後山星月,普通,,0.0,1.0,,1
東區,花蓮縣,花蓮縣光復鄉建國路一段15巷5-6號,495,742,後山逍遙露營區,普通,,0.0,1.0,,1
東區,花蓮縣,花蓮縣壽豐鄉豐坪路三段426-1號,520,767,慕宿農園露營莊園,普通,,0.18,0.82,,1
東區,花蓮縣,花蓮縣鳳林鎮,547,794,放空荒野,普通,,0.0,1.0,,1
東區,花蓮縣,花蓮縣瑞穗鄉拉吉禾部落聯絡道路,552,799,新富興露營區,差評,,0.44,0.56,,1
東區,花蓮縣,花蓮縣豐濱鄉永豐路11-5號,731,979,海放你基地 Have Funny Base,好評,,0.03,0.97,,1
東區,花蓮縣,花蓮縣玉里鎮大禹里51號,777,1025,玉里森林露營區,普通,,0.17,0.83,,1
東區,花蓮縣,花蓮縣瑞穗鄉中山路三段215號,790,1038,瑞穗露營區2024,差評,,0.42,0.58,,1
東區,花蓮縣,花蓮縣萬榮鄉BaishiChi,803,1051,白石池營地,好評,,0.0,1.0,,1
東區,花蓮縣,花蓮縣秀林鄉,806,1054,白鮑溪休閒農場,普通,,0.33,0.67,,1
東區,花蓮縣,花蓮縣秀林鄉,812,1060,眺躍鳥水域活動營區,普通,,0.25,0.75,,1
東區,花蓮縣,花蓮縣秀林鄉,875,1123,綠水營地,普通,Hot,0.27,0.73,,1
東區,花蓮縣,花蓮縣富里鄉,881,1129,羅山露營區,差評,,0.46,0.54,,1
東區,花蓮縣,花蓮縣秀林鄉,917,1165,花蓮8個浪露營區,好評,,0.0,1.0,,1
東區,花蓮縣,花蓮縣光復鄉256號,918,1166,花蓮光復吉利潭星光露營區,好評,,0.04,0.96,,1
東區,花蓮縣,花蓮縣吉安鄉,919,1167,花蓮吉安海邊野營點,差評,,1.0,0.0,,1
東區,花蓮縣,花蓮縣秀林鄉民治132之11號,920,1168,悠悠太魯閣露營區,好評,,0.15,0.85,,1
東區,花蓮縣,花蓮縣壽豐鄉大橋號30之6號,921,1169,花蓮海洋露營區,差評,,0.17,0.83,,1
東區,花蓮縣,花蓮縣壽豐鄉池南路二段90號,922,1170,花蓮鯉魚潭露營渡假村,差評,Hot,0.39,0.61,,1
東區,花蓮縣,花蓮縣秀林鄉,935,1183,荖溪營地,差評,,,,,1
東區,花蓮縣,花蓮縣秀林鄉崇德99之20號,940,1188,莫那營地,普通,,0.03,0.97,,1
東區,花蓮縣,花蓮縣卓溪鄉古風村石平51之6號,983,1231,谷風野趣農場,好評,,0.08,0.92,,1
東區,花蓮縣,花蓮縣鳳林鎮鳳林鎮中泰路37號,986,1234,豐盛美地,好評,,0.0,1.0,,1
東區,花蓮縣,花蓮縣花蓮市,997,1245,超好躺的木頭,好評,,,,,1
東區,花蓮縣,花蓮縣新城鄉七星街41巷11號,999,1247,踏浪星辰豪華露營Camp,普通,Hot,0.13,0.87,,1
東區,花蓮縣,花蓮縣秀林鄉,1029,1277,那座山隱癮,好評,,0.0,1.0,,1
東區,花蓮縣,花蓮縣壽豐鄉大橋30-7號,1039,1287,醉浪露營區,普通,,0.14,0.86,,1
東區,花蓮縣,花蓮縣秀林鄉192之28號,1044,1292,野宅 ye.zhai,好評,,0.0,1.0,,1
東區,花蓮縣,花蓮縣壽豐鄉592號,1095,1343,雪玉工作室,好評,,,,,1
東區,花蓮縣,花蓮縣壽豐鄉大橋36-9號,1130,1378,風七十營地,普通,Hot,0.17,0.83,,1
東區,花蓮縣,花蓮縣光復鄉西富村民有街51-2號,1150,1398,魚的家休閒農場,普通,,0.07,0.93,,1
東區,花蓮縣,花蓮縣豐濱鄉UnnamedRoad,1154,1402,鷹谷露營區,好評,,0.07,0.93,,1
東區,花蓮縣,花蓮縣壽豐鄉花東海岸公路39號,1156,1404,鹽寮民宿,好評,,0.03,0.97,,1
東區,花蓮縣,花蓮縣玉里鎮大禹里酸柑51號,1209,1457,森林露營區,好評,,,,,1
東區,花蓮縣,花蓮縣玉里鎮觀音里高寮223-3號,1232,1480,綠點集禾館,差評,,,,,1
東區,台東縣,台東縣東河鄉金樽產業道路,125,372,Anna開心農場,好評,,0.0,1.0,,1
東區,台東縣,台東縣東河鄉港1鄰74號,151,398,Safolo露營區,普通,,0.22,0.78,,1
東區,台東縣,台東縣延平鄉,159,406,ㄧ零八零1080露營區,普通,,0.16,0.84,,1
東區,台東縣,台東縣成功鎮跋邊路123號,172,419,三仙台馬拉尚露營區,普通,,0.08,0.92,,1
東區,台東縣,台東縣鹿野鄉鹿鳴路100巷5之1號,173,420,三姊快樂露營區,普通,,0.0,1.0,,1
東區,台東縣,台東縣台東市松江路一段269號,199,446,交通部觀光署東部海岸國家風景區管理處小野柳露營區,普通,Hot,0.15,0.85,,1
東區,台東縣,台東縣卑南鄉原生植物園[台灣好行,243,490,初鹿之夜度假露營區,好評,,0.0,1.0,,1
東區,台東縣,台東縣卑南鄉忠孝路龍過脈,244,491,初鹿椰子林,差評,,0.22,0.78,,1
東區,台東縣,台東縣太麻里鄉,252,499,北里漫活,差評,,0.33,0.67,,1
東區,台東縣,台東縣太麻里鄉10鄰多良2-3號,256,503,千坪露營區,差評,Hot,0.22,0.78,,1
東區,台東縣,台東縣金峰鄉423號,274,521,原始角落,好評,,0.06,0.94,,1
東區,台東縣,台東縣卑南鄉民生22之2號,285,532,台東 星夜光海露營區,好評,,0.12,0.88,,1
東區,台東縣,台東縣成功鎮和平路13-1號,286,533,台東【旮祭來,普通,,0.33,0.67,,1
東區,台東縣,台東縣卑南鄉改良場路76號,287,534,台東初鹿親子羊牧場,普通,Hot,0.14,0.86,,1
東區,台東縣,台東縣卑南鄉,288,535,台東嘉豐營區,普通,,0.0,1.0,,1
東區,台東縣,台東縣成功鎮麒麟路5之1號,289,536,台東天闊休閒露營區,好評,,0.03,0.97,,1
東區,台東縣,台東縣東河鄉都蘭村舊廍15-3號,290,537,台東心路旅程露營棧,普通,,0.09,0.91,,1
東區,台東縣,台東縣長濱鄉真柄21-3號,291,538,台東真柄谷泥悠露營區,普通,,0.12,0.88,,1
東區,台東縣,台東縣卑南鄉,292,539,台東秘境露營,普通,Hot,0.17,0.83,,1
東區,台東縣,台東縣卑南鄉,293,540,台東縣童軍會嘉豐營地,普通,,0.0,1.0,,1
東區,台東縣,台東縣海端鄉,299,546,向陽營地,普通,,0.21,0.79,,1
東區,台東縣,台東縣海端鄉南二段登山步道,315,562,嘉明湖山屋營地,普通,,0.0,1.0,,1
東區,台東縣,台東縣卑南鄉龍泉路43巷51-7號,359,606,大王山居 露營區,好評,,0.0,1.0,,1
東區,台東縣,台東縣台東市吉林路二段600號,403,650,富岡海悅露營區,,,0.21,0.79,,1
東區,台東縣,台東縣台東市建和四街91之2號,407,654,射馬干農場,普通,,0.0,1.0,,1
東區,台東縣,台東縣池上鄉大埔村7鄰大埔72號,423,670,小雄72號露營區,普通,,0.04,0.96,,1
東區,台東縣,台東縣台東市建和四街181之1號,435,682,山上的海邊露營區,普通,,0.03,0.97,,1
東區,台東縣,台東縣成功鎮美山路231之2號,473,720,"巡海宮(淋浴,車泊,搭帳)",好評,,0.0,1.0,,1
東區,台東縣,台東縣台東市,501,748,快樂天堂露營區,普通,,0.22,0.78,,1
東區,台東縣,台東縣成功鎮富榮路119號,504,751,思親園,好評,,0.0,1.0,,1
東區,台東縣,台東縣大武鄉東67鄉道102號,514,761,愛國蒲探索基地,好評,,0.0,1.0,,1
東區,台東縣,台東縣長濱鄉台11線,521,768,慕樟露營區camphor camp,好評,,0.0,1.0,,1
東區,台東縣,台東縣台東市青海路一段18巷83弄5號,526,773,戰神俊的窩,好評,,0.0,1.0,,1
東區,台東縣,台東縣海端鄉,537,784,排球場營地,普通,,0.1,0.9,,1
東區,台東縣,台東縣成功鎮麒麟路114-5號,575,822,昆布海灣露營區,普通,Hot,0.09,0.91,,1
東區,台東縣,台東縣卑南鄉,594,841,星願農場,普通,,0.08,0.92,,1
東區,台東縣,台東縣長濱鄉成靜公路,606,853,曉晴星空露營地,差評,Hot,0.45,0.55,,1
東區,台東縣,台東縣長濱鄉,608,855,最接近海的露營區,好評,,0.0,1.0,,1
東區,台東縣,台東縣海端鄉南橫公路公里號台20線,615,862,木娃兒驛馬站,普通,,0.09,0.91,,1
東區,台東縣,台東縣太麻里鄉新香蘭路2-3號,623,870,東台灣露營區,普通,,0.12,0.88,,1
東區,台東縣,台東縣卑南鄉溫泉路376巷18號,625,872,東遊季溫泉渡假村,差評,,0.28,0.72,,1
東區,台東縣,台東縣卑南鄉環山路47號,626,873,東隆牧場,好評,,0.0,1.0,,1
東區,台東縣,台東縣卑南鄉龍泉路113巷29號,666,914,樂山溫泉露營區,差評,,0.56,0.44,,1
東區,台東縣,台東縣海端鄉中福路一鄰18之3號,689,937,武茶露營區,好評,,0.0,1.0,,1
東區,台東縣,台東縣成功鎮白蓮路170-1號,694,942,比西里岸營地,普通,Hot,0.06,0.94,,1
東區,台東縣,台東縣台東市,708,956,沐樂草原,好評,,0.0,1.0,,1
東區,台東縣,台東縣長濱鄉三間村真柄4鄰,726,974,浪花蟹露營區,普通,Hot,0.03,0.97,,1
東區,台東縣,台東縣長濱鄉182號,728,976,浮萍 蹲下又綺麗 露營區,好評,,0.0,1.0,,1
東區,台東縣,台東縣太麻里鄉台東縣太麻里,763,1011,無憂海景秘境,普通,,0.18,0.82,,1
東區,台東縣,台東縣東河鄉花東海岸公路三線產業道路,772,1020,狗有村營地,好評,,0.0,1.0,,1
東區,台東縣,台東縣海端鄉,775,1023,獵寮營地 hunter house campground,普通,,0.04,0.96,,1
東區,台東縣,台東縣卑南鄉溫泉村鎮樂路48號,778,1026,王媽媽家常菜,普通,,0.12,0.88,,1
東區,台東縣,台東縣鹿野鄉瑞景路三段50號,787,1035,瑞和時光驛站,好評,Hot,0.0,1.0,,1
東區,台東縣,台東縣太麻里鄉,809,1057,盛香源露營區,差評,,,,,1
東區,台東縣,台東縣長濱鄉,811,1059,真柄禾多小酒館,好評,,0.04,0.96,,1
東區,台東縣,台東縣台東市建和四街97-1號,815,1063,知本山莊露營區,普通,,0.1,0.9,,1
東區,台東縣,台東縣卑南鄉,816,1064,知本野營活動場,差評,,0.2,0.8,,1
東區,台東縣,台東縣延平鄉,818,1066,石山園,好評,,0.0,1.0,,1
東區,台東縣,台東縣卑南鄉11鄰富山168號,827,1075,碧海藍天露營區,普通,,0.0,1.0,,1
東區,台東縣,台東縣鹿野鄉高台路42巷,838,1086,福鹿山休閒農莊,差評,,0.29,0.71,,1
東區,台東縣,台東縣綠島鄉,868,1116,紫坪露營區服務中心,,,0.26,0.74,,1
東區,台東縣,台東縣東河鄉941168號,869,1117,紫色太平洋露營區,好評,,0.03,0.97,,1
東區,台東縣,台東縣成功鎮忠孝里美山路230號,884,1132,美山晴露營,好評,Hot,0.08,0.92,,1
東區,台東縣,台東縣成功鎮忠孝里美山路238號,885,1133,美山的露營區,差評,,0.0,1.0,,1
東區,台東縣,台東縣成功鎮都歷路264之23號,897,1145,老王成功祕境,好評,,0.0,1.0,,1
東區,台東縣,台東縣卑南鄉119-2號,900,1148,老麥農場露營區,普通,,0.18,0.82,,1
東區,台東縣,台東縣太麻里鄉,945,1193,菲卡樂Vikar tjuveljelem園區,好評,,0.05,0.95,,1
東區,台東縣,台東縣卑南鄉68號,961,1209,虂櫿嶇Danadanaw,普通,Hot,0.12,0.88,,1
東區,台東縣,台東縣海端鄉,998,1246,足球場營地,普通,,0.0,1.0,,1
東區,台東縣,台東縣成功鎮隧道路23之10號,1011,1259,逐浪露營地,好評,,0.07,0.93,,1
東區,台東縣,台東縣東河鄉,1033,1281,都蘭•錄托邦露營區,普通,,0.1,0.9,,1
東區,台東縣,台東縣東河鄉59-2號,1034,1282,都蘭五線,好評,,0.06,0.94,,1
東區,台東縣,台東縣東河鄉,1035,1283,都蘭部落後花園露營區,差評,,0.33,0.67,,1
東區,台東縣,台東縣金峰鄉47-5號,1038,1286,鄭大姊車宿點,好評,,0.0,1.0,,1
東區,台東縣,台東縣長濱鄉三崙仔產業道路,1048,1296,金剛觀海幸福窩露營區建設中,好評,,0.0,1.0,,1
東區,台東縣,台東縣金峰鄉太麻里金針山,1050,1298,金山啞口野營區,差評,,0.24,0.76,,1
東區,台東縣,台東縣金峰鄉佳崙產業道路,1051,1299,金山星空露營區,,,0.19,0.81,,1
東區,台東縣,台東縣延平鄉昇平路,1073,1321,阿諾莊園,普通,,0.1,0.9,,1
東區,台東縣,台東縣海端鄉,1145,1393,高爾夫球場營地,好評,,0.06,0.94,,1
東區,台東縣,台東縣鹿野鄉永安村高台路42巷133號,1160,1408,鹿野高台大草原露營區,普通,Hot,0.0,1.0,,1
東區,台東縣,台東縣成功鎮麒麟路52-6號,1162,1410,麒麟部落露營區,普通,Hot,0.3,0.7,,1
東區,台東縣,台東縣東河鄉觀海公園旁,1168,1416,黑老大-台東都蘭露營區,普通,,0.09,0.91,,1
