露營場名稱,地址,介紹,來源檔名,title,date,input_tokens,output_tokens,total_tokens
自然圈LoFi Land,苗栗縣卓蘭鎮西坪36-20號,以生態工法打造「曠野沙漠」與「溫帶森林」2種景觀，一泊二食免裝備露營還能泡溫泉，平日2人就能包圈，隱私性高的優勢、豐富生態和手作體驗，創造出全新生活型態，在露營圈打響一片天。而園區新設生態昆蟲館，內有竹節蟲、獨角仙、蜥蜴等，能近距離接觸這些昆蟲和兩棲類，藉此了解牠們的生活習性。,articles1.csv,苗栗花露農場新蓋「牡丹花館」！趕過年前開　還有5千株鬱金香,2025年01月10日 09:01,1312,137,1449
嬉皮國度－入樹二村,南投縣魚池鄉大雁巷31－8號,位於魚池鄉大雁村中有「台灣小瑞士」之稱的澀水社區，四面環山而綻放的蓮花山谷地形，讓人彷彿來到一處遠離塵囂的世外桃源。其有別於一村的波西米亞風格，二村加入了嬉皮元素並保留了原始風情的森林環境，一草一木的植栽到帳篷整體設計更是精心規劃！,articles2.csv,南投懶人露營開箱！享受超美星空電影院　還能手作專屬香氛蠟燭,2024年10月21日 17:00,1031,135,1166
蘇維拉莊園豪華露營區,苗栗縣南庄鄉四灣15鄰92號,蘇維拉莊園是苗栗南庄超強大的渡假玩樂勝地！有森林樹屋之稱的童話王國小鎮，夜間點燈超夢幻，可以遊園、用餐、挑戰北台灣最長的磨石子溜滑梯，居然還可以住宿露營，讓旅人入住一路玩到退房，蘇維拉莊園最新的豪華露營車，住一晚就會愛上，天空列車即將啟程，帶你感受不一樣的南庄之夜，飛天小火車豪華露營，一泊三食還能吃到龍蝦，再搭配苗栗南庄景點懶人包，絕對更充實。,articles3.csv,苗栗最強懶人露營！飯店級露營車自帶浴缸　小孩放電一路玩到退房,2024年10月16日 17:00,2438,185,2623
朋趣豪華露營車,桃園市龍潭區悅華路100號,"桃園「朋趣豪華露營車」為迎接開幕兩周年，8月30日至10月31日，周日至周五雙人入住指定露營車款，一晚8,699元起，第三位入住只需加99元，換算下來一人免3,000元，即可享下午茶、晚餐、消夜與翌日的早餐箱。",articles4.csv,一泊四食1人免3千元！桃園豪華露營車「第3人加99元」還贈千元禮,2024年08月22日 16:47,727,223,950
牛仔星村豪華露營-桃園埔心牧場,桃園市楊梅區幼獅路一段439號,"桃園埔心牧場也有「牛仔星村」豪華露營，即日起至9月30日前，入住「彩蛋親子露營車」2大2小含早餐、晚餐、迎賓宵夜包，平日一泊三食7,800元起，還能享專屬電動車、漆彈體驗、划船券等套裝行程，從下午入住玩到隔天。",articles4.csv,一泊四食1人免3千元！桃園豪華露營車「第3人加99元」還贈千元禮,2024年08月22日 16:47,727,223,950
蟬說霧語,新竹縣五峰鄉白蘭315－5號,蟬說集團旗下最高海拔的新竹豪華露營區「蟬說霧語」，於2023年新開幕，除了高品質的新竹懶人露營體驗，霧語更是新竹五峰人氣秘境賞櫻露營區，提供豪華帳篷跟包棟民宿兩種選擇，此外，新竹露營區推薦「蟬說霧語」，還提供各種不同的活動體驗，如櫻花林下午茶、營火烤棉花糖、泰雅族篝火餐食、打獵體驗等等，體驗在地深度旅遊的樂趣，讓你可以充分感受到大自然的美妙和魅力。,articles5.csv,精選11間新竹懶人露營攻略！豪華下午茶＆自然風景一次滿足,2024年03月27日 17:00,2953,1911,4864
蟬說霧繞,新竹縣五峰鄉桃山村白蘭298之3號,2022年新開幕的新竹五峰鄉豪華露營-蟬說霧繞，全包式新竹露營區提供一泊二食含晚餐跟早餐，還有附贈下午茶 ，只要拎著一卡皮箱就能輕鬆入住，俯瞰新竹五峰鄉的山中美景，早晨不時會出現雲海美景，春天來臨更有櫻花樹盛開的景緻，擺脫平時工作繁忙腳步，就來山中住一晚吧。,articles5.csv,精選11間新竹懶人露營攻略！豪華下午茶＆自然風景一次滿足,2024年03月27日 17:00,2953,1911,4864
愛上喜翁,新竹縣五峰鄉竹林村4鄰忠興93號,"而位於新竹五峰鄉海拔1,180公尺的「愛上喜翁」露營區，坐落於山林之間，得名於原住民的地名，意指「雲霧之上」。這裡被群山環繞，雲霧繚繞，彷彿置身雲端秘境。你可以一泊四食，無需擔心帳篷設置的麻煩。享受高山美味佳餚，探訪杉木林，展開一場家庭共同體驗的森林冒險。",articles5.csv,精選11間新竹懶人露營攻略！豪華下午茶＆自然風景一次滿足,2024年03月27日 17:00,2953,1911,4864
尖石之美露營渡假村,新竹縣尖石鄉1之1號,在這片寧靜的山林中，您將被群山所環繞，小溪悠悠流淌，魚蝦在水中嬉戲，還有刺激的生存遊戲槍戰場、豐富的兒童遊樂器材，以及有趣的扭扭車賽道等等。此外，還有超大冰涼的山泉水戲水池，鄰近更有尖石超大的籃球場，等著您上山體驗野外樂趣。,articles5.csv,精選11間新竹懶人露營攻略！豪華下午茶＆自然風景一次滿足,2024年03月27日 17:00,2953,1911,4864
尖石夢田營區,新竹縣尖石鄉村5鄰270－5號,坐落於新竹縣尖石鄉的山區寶座，身處其中彷彿與大自然親密接觸，輕鬆欣賞到眼前的宏偉山川景緻。山勢間時而飄渺的輕雲繚繞，讓人彷彿置身仙境。對於露營新手而言，尖石夢田景觀露營區是絕佳的首選。也可選擇加購美味的烤肉晚餐和早餐，就算手上一無所有，也能滿足您的胃口。快來尋找屬於您的夢幻露營體驗吧！,articles5.csv,精選11間新竹懶人露營攻略！豪華下午茶＆自然風景一次滿足,2024年03月27日 17:00,2953,1911,4864
悠野’s露營區,新竹縣尖石鄉123號,22022 年中新開幕的悠野’s露營區，坐落在新竹內灣附近，猶如一方隱世仙境，四周被郁郁蔥蔥的山巒包圍。這裡的空氣格外清新，是想要紓解壓力、放鬆心情的度假好去處！這個舒適又奢華的露營地，讓人能夠完全擺脫都市塵囂。,articles5.csv,精選11間新竹懶人露營攻略！豪華下午茶＆自然風景一次滿足,2024年03月27日 17:00,2953,1911,4864
飛鳥恰恰,新竹縣五峰鄉花園村,坐落在海拔近千米的幽靜溪谷，四周環繞著蔥翠的群山，這裡的生態豐富而原始。沉浸在這片風景之中，隨著季節變換感受大地的祝福，與自然的能量融為一體。提供全台唯一最高品質、原汁原味的露營體驗，結合專業的露營裝備和豐富的活動行程，讓你在體驗的過程中與大自然深度互動。,articles5.csv,精選11間新竹懶人露營攻略！豪華下午茶＆自然風景一次滿足,2024年03月27日 17:00,2953,1911,4864
樂窩露營區,新竹縣峨眉鄉8－10,特別保留寬廣的草皮供小朋友奔跑遊戲。我們貼心提供新手體驗帳，樂窩的設計偏向中小型露營區，不僅可以盡情享受露營樂趣，還能光臨我們的工業風咖啡館和餐酒館，品嚐美味佳餚。座落於十二寮風景區內，四周環湖，更有登山步道，帶您更貼近大自然。此外，我們還提供季節限定活動，如採橘、賞螢、賞桐花、賞楓、賞星星等。全區面積超過一千坪，共規劃了24個營位，堅持保留大片草地，為的就是給小朋友們更多自由遊玩的空間。,articles5.csv,精選11間新竹懶人露營攻略！豪華下午茶＆自然風景一次滿足,2024年03月27日 17:00,2953,1911,4864
拾階莊園,台灣新竹縣橫山鄉內灣村內灣38－1,離內灣老街只有4分鐘路程，提供露營車和小木屋的獨特住宿體驗。車內和小木屋皆裝有冷氣，提供寢具和備品，戶外配有桌椅供您使用。也提供烤肉用食材代訂和烤爐租借服務。莊園內的住宿分為一到十階，共有10個區域，適合小包區提供獨享的自在空間。,articles5.csv,精選11間新竹懶人露營攻略！豪華下午茶＆自然風景一次滿足,2024年03月27日 17:00,2953,1911,4864
觀星賞月營,新竹縣尖石鄉義興村九鄰馬胎部落168－5號,位於群山環繞的馬胎部落，地處制高點，沿著義梅道路前行即可到達。這片風景優美的隱世寶地，擁有北台灣絕佳的視野，夜晚更呈現迷人夜景，堪比日本函館的美景。氣候宜人，無論是欣賞日出、夕陽，或是賞雲海，都是極力推薦的好去處。營地提供寬敞且舒適的營區，擁有加大的空間，方便您安排更多有趣的活動。,articles5.csv,精選11間新竹懶人露營攻略！豪華下午茶＆自然風景一次滿足,2024年03月27日 17:00,2953,1911,4864
百崴露營區,新竹縣橫山鄉中豐路三段155號,2023年將全新開放的景觀度假屋區域，帶來別出心裁的設計。戶外帳篷都以帆船形狀為主打外觀。屋體自身採用客製化超大落地玻璃，搭配專屬的超大景觀平台，強調私密隱密感，特別考慮到有些人喜歡獨享空間的感覺。在屋內，您可以舒適地欣賞壯麗的山景，遠離都市的繁囂，體驗別樣的生活享受。,articles5.csv,精選11間新竹懶人露營攻略！豪華下午茶＆自然風景一次滿足,2024年03月27日 17:00,2953,1911,4864
山水谷豪華露營,花蓮縣壽豐鄉池南路二段90號,位在花蓮壽豐鄉的「花蓮鯉魚潭露營渡假村－山水谷豪華露營區」，是全台最大的合法花蓮露營區，主打免裝備豪華露營，只要一卡皮箱就能輕鬆入住，提供超夢幻水上球型屋跟南非狩獵帳，帳蓬附設獨立衛浴，晚餐是美味烤肉BBQ，露營區還有特色能量不老泉，泡個舒適的能量浴讓身心舒暢，夜晚走出帳蓬就能看星星，高CP值花蓮豪華露營，烤肉泡湯通通有，輕鬆擁抱大自然。,articles6.csv,花蓮露營推薦清單！這8間價格特色一覽　星空泡湯、水上球屋全包辦,2024年03月9日 12:00,2292,1408,3700
遠雄海洋公園海宿營車,花蓮縣壽豐鄉福德189號,遠雄海洋公園的「夜未眠」活動為了讓大家享受更高質感的服務，特別推出了最新的頂級休憩艙──藍鯨艙版，給予每位遊客獨一無二的 All in one 旅遊體驗。在專屬的賞星擁海宿營車內，提供免費 WiFi、迷你點心bar、獨立淋浴空間，還有私人的戶外休憩區。私人管家貼心準備了各季節的限定料理，餐點食材精選花蓮在地，包括無毒酒糟豬、富里養生黑米飯、百年老店新味醬酒、郭榮市火腿等，絕對是一場美食與海洋之旅的完美結合。,articles6.csv,花蓮露營推薦清單！這8間價格特色一覽　星空泡湯、水上球屋全包辦,2024年03月9日 12:00,2292,1408,3700
踏浪星辰露營Camp,花蓮縣新城鄉七星街41巷11號,坐落在花蓮縣大漢村，距離七星潭只有100公尺的這處住宿不僅擁有通往花園的便捷通道，還提供舒適的露台和方便的觀光旅遊櫃台。這個帳篷營地不僅有免費的私人停車位，還設有公共休息區。戶外區域擁有細白沙坑、樹屋溜滑梯、盪鞦韆等多樣的遊樂設施，而營地主人還養有小狗、小貓等可愛的動物，吸引著小朋友的目光。此外，營區就在七星潭旁，非常適合帶著小朋友一同欣賞海景、踏浪、撿小石頭，享受一段輕鬆惬意的時光。,articles6.csv,花蓮露營推薦清單！這8間價格特色一覽　星空泡湯、水上球屋全包辦,2024年03月9日 12:00,2292,1408,3700
海放你基地,花蓮縣豐濱鄉永豐路11－5號,這裡是一個充滿樂趣的免裝備懶人露營區，不是奢侈的露營場地，而是提供一個小天地，讓大家一同體驗露營野炊的樂趣。這裡還有機會聽聽「原住民青年返鄉的小故事」，並親身體驗小小原住民文化。海放你基地就是讓你放鬆、享受、並體驗大自然的好地方。,articles6.csv,花蓮露營推薦清單！這8間價格特色一覽　星空泡湯、水上球屋全包辦,2024年03月9日 12:00,2292,1408,3700
谷風野趣農場,花蓮縣卓溪鄉平51之6號,坐落在花蓮卓溪，主張戶外體驗和山林生活，提供給旅人們一個遠離喧囂的寧靜空間。營區最新推出免搭帳的懶人露營，省去了擔心準備露營裝備的煩惱。周邊景點包括玉里、富里、池上等知名景區，讓您沉浸在山林環繞的美好中，心靈得到放鬆。農場距離富里車站僅2公里，您甚至可以欣賞到火車呈半弧形穿越眼前的美景。營區四周被一片一望無際的田園景致和金黃的稻浪環繞，卓溪山泉水鯛魚養殖以及水車生態共生循環系統，帶給您多元的農場體驗。,articles6.csv,花蓮露營推薦清單！這8間價格特色一覽　星空泡湯、水上球屋全包辦,2024年03月9日 12:00,2292,1408,3700
都鐸王朝六星露營車,花蓮縣壽豐鄉鹽寮91號,坐落在花蓮縣鹽寮村的都鐸王朝，矗立在美麗的東海岸旁，距離花蓮遠雄海洋公園僅需6分鐘車程，距離花蓮火車站30分鐘車程。入住都鐸王朝的六星級露營車，您就能夠免費使用全年無休的室外游泳池、豪華健身房，還有美味的早餐。每輛露營車都配有躺椅和有棚的餐桌椅，車內更有獨立衛浴和客廳，特別是極光系列露營車更擁有天窗，讓旅客在星空下沐浴，帶來驚喜的住宿體驗。不同於一般簡約的露營車，提供接近大自然同時擁有奢華住宿品質的特殊體驗。,articles6.csv,花蓮露營推薦清單！這8間價格特色一覽　星空泡湯、水上球屋全包辦,2024年03月9日 12:00,2292,1408,3700
布萊頓霍夫莊園露營車,花蓮縣壽豐鄉157號,六星級海景露營車就在遠雄海洋公園旁，到花蓮市區也非常方便。莊園提供三種不同款式的露營車供選擇，包括擁有星空天窗或上下舖的款式。莊園所選用的是頂級露營車品牌Airstream，每輛露營車都擁有自己的獨立海景庭院，而且內部設有獨立衛浴。公共區域則提供泳池、沙坑、鞦韆等設施，非常適合親子同遊的住宿環境。,articles6.csv,花蓮露營推薦清單！這8間價格特色一覽　星空泡湯、水上球屋全包辦,2024年03月9日 12:00,2292,1408,3700
牛仔星村豪華露營,花蓮縣鳳林鎮永福街20號,一出火車站就能見到全台獨一無二、山水湖景盡入眼簾的超美牛仔星村豪華露營 – 花蓮兆豐農場，絕對讓你驚艷不已。這裡擁有多樣遊樂設施、放牧區、生態鳥園、鸚鵡園等，走在農場間，可以看到孔雀自在地漫步，還有機會近距離用奶瓶餵食可愛的小牛。廣大的青青草原更是讓人可以盡情奔跑、歡笑，夏天還有開放的戲水區，絕對是大人小孩一同享受水戰樂趣，打造出歡樂的時光。無需跑到遙遠的地方，就能在鄰近市區體驗到大自然中的奢華露營樂趣。,articles6.csv,花蓮露營推薦清單！這8間價格特色一覽　星空泡湯、水上球屋全包辦,2024年03月9日 12:00,2292,1408,3700
蟬說夕陽漫漫,台中市清水區美堤街8號,2022年新開幕的海濱露營場－蟬說夕陽漫漫，地點就位在台中清水高美濕地遊客中心，結合濕地生態主題，打造台中懶人露營，只需一卡皮箱即可入住，住宿包含一泊二食，用餐還有高美濕地最美夕陽景觀，這次珊莎入住螃蟹區帳篷，藍／紫／白色調設計，呼應高美濕地的藍天海景，帳篷圓圓胖胖的外觀，真的是可愛到炸，現在入住贈送下午茶，園區還有生態導覽，想要一路玩到退房都沒問題！,articles7.csv,特搜台中「7間懶人露營」整理包！交通＆房型特色一篇搞定,2024年02月27日 12:00,2006,1321,3327
蟬說山中靜靜,台中市太平區山田路218號,蟬說集團旗下最高海拔的新竹豪華露營區「蟬說霧語」，於2023年新開幕，除了高品質的新竹懶人露營體驗，霧語更是新竹五峰人氣秘境賞櫻露營區，提供豪華帳篷跟包棟民宿兩種選擇，此外，新竹露營區推薦「蟬說霧語」，還提供各種不同的活動體驗，如櫻花林下午茶、營火烤棉花糖、泰雅族篝火餐食、打獵體驗等等，體驗在地深度旅遊的樂趣，讓你可以充分感受到大自然的美妙和魅力。,articles7.csv,特搜台中「7間懶人露營」整理包！交通＆房型特色一篇搞定,2024年02月27日 12:00,2006,1321,3327
覓靜莊園,台中市和平區東關路一段裡冷巷99號,坐落於海拔1150公尺的山區，這裡夏天不僅清涼宜人，更是絕佳露營勝地。四周環繞著壯麗的群山，夜晚光害稀少，星空明亮，無需太多裝備，就能輕鬆體驗懶人露營！營區提供獨特的精靈帳和神殿帳，內部裝潢充滿異國風情，並準備了一應俱全的生活用品，如枕頭、洗髮精、沐浴乳、吹風機、涼風扇、冷熱飲水機。此外，還有兒童遊樂區，備有溜滑梯、攀岩、沙坑等設施。在4－5月的螢火蟲季節，步行5分鐘即可欣賞到美麗的螢光，快來這裡享受大自然的治癒力吧！,articles7.csv,特搜台中「7間懶人露營」整理包！交通＆房型特色一篇搞定,2024年02月27日 12:00,2006,1321,3327
向海那漾濱海豪華露營區,台中市大安區北汕路86巷1號,斥資2500萬元進行全面升級，打造出台灣首屈一指的合法海濱豪華露營區──《向海那漾》。由設計師張瑜珍領導的專業團隊操刀規劃，秉持「綠色觀光」和「永續旅遊」的理念，巧妙融合台中獨特的自然環境，塑造成集「生態旅遊」、「環境教育」、「親水體驗」和「露營活動」於一體的全新度假勝地。坐落於台中大安濱海樂園，鄰高美濕地，露營區內擁有38座親海的豪華露營帳篷。在這裡，你可以在海灘戲水、探索高美濕地的生態奧秘、欣賞美麗的日落，同時還能盡情品嚐各種美食。《向海那漾》是一個集合所有海濱和河口花園的奢華露營體驗。,articles7.csv,特搜台中「7間懶人露營」整理包！交通＆房型特色一篇搞定,2024年02月27日 12:00,2006,1321,3327
熊熊露營園地,台中市和平區東關路一段松鶴三巷103號,坐落在台中谷關溫泉附近，只需開車短短的10分鐘，就能輕鬆抵達。四周環繞著山谷的自然生態，讓你能盡情感受大自然的美好。附近還有許多著名景點，包括白冷冰棒、德芙蘭步道、八仙山森林遊樂區和谷關溫泉區等等。你還可以參加泰雅傳統射箭體驗、松果DIY手作等有趣的活動。整個營地被環繞著松樹，滿地的松葉簡直是踩在腳下一片柔軟舒適。,articles7.csv,特搜台中「7間懶人露營」整理包！交通＆房型特色一篇搞定,2024年02月27日 12:00,2006,1321,3327
曉晴星空園區,台灣台中市新社區上坪4號,位於台中市新社區，被譽為台中的後花園，同時也是台灣香菇的故鄉。整個營區共有22帳星空帳，其中包括4頂全台首度引進的超大VIP帳篷，直徑達8米、挑高4.8米。營區視野極為開闊，面向台8線和大甲溪上游，清晨可欣賞到中央山脈壯麗的日出景色，夜晚則能沉醉於澄澈無雲的星空中。營區內設有酒吧，提供各式調酒，而住宿選擇靈活，也可搭配美味的烤肉餐。如果不想自己動手烤肉，沒問題！我們提供由「默沏餐酒館」提供的客製化外燴服務，非常適合團體或家族聚會的包場選擇。,articles7.csv,特搜台中「7間懶人露營」整理包！交通＆房型特色一篇搞定,2024年02月27日 12:00,2006,1321,3327
森渼原ALIVE,台中市外埔區二崁路700號,不僅僅是帳篷，更是能夠在大自然中以大地為床、星空為幕的頂級旅宿體驗！Glamping豪華露營區不僅使用國內外頂級品牌的各式造型帳棚，還提供舒適的寢具用品和精緻的浴廁空間。此外，我們提供在地食材搭配異國料理的餐飲服務，並打造各種量身訂製的體驗活動，讓您充分感受「慵懶」、「放鬆」、「享受」的極致樂趣。歡迎來體驗慢活，在大自然中創造各種有趣的生活體驗！,articles7.csv,特搜台中「7間懶人露營」整理包！交通＆房型特色一篇搞定,2024年02月27日 12:00,2006,1321,3327
英桃の天闊營地,新竹縣五峰鄉梅山山頂,"英桃の天闊營地是露友口耳相傳的秘密雲海、夕陽、觀星勝地，經常一釋出就秒殺。位於海拔高1,200米的白雲深處農場內，對面就是五指山、鬼澤山等層層山巒，山後是桃竹苗海岸，天氣好時，連桃竹苗的夜景都能一覽無遺。營地目前規劃為三區，天闊台計有13帳；英仙台7帳；另一區在農場下方之新月草原上，共有10帳。懶得搭帳篷，新月草原區的塞外風情蒙古包共有5頂，直徑4米，內部鋪有原木地板和遊戲墊，前面設有木頭觀景露台，可住上6人。不少營友不惜老遠上山，一覽從夕陽西下到日落餘暉，再到星星掛滿天的情景，沒有空汙的干擾，幸運的話還能見到流星，享受一場與世隔絕的奇幻大秀。",articles8.csv,山上看「海」去！坐擁雲海、星空、蒙古包的新竹露營秘境,2017年11月14日 14:00,978,272,1250
寨酌然野奢莊園,苗栗縣卓蘭鎮壢西坪43-20號,寨酌然野奢莊園佔地上萬坪，園區種植滿滿的植物，走在樹蔭下非常舒服、放鬆，就像是來到一個世外桃源。渡假村該有的游泳池、大草皮、手作體驗寨酌然應有盡有，入住就會幫你安排好兩天的行程，實在太適合放假只想耍廢的社畜。,articles9.csv,苗栗最美豪華露營！萬坪營區漫步大草皮、數星星　享無菜單私廚料理,2023年10月16日 15:00,1037,109,1146
魯冰花農莊,苗栗縣頭屋鄉明德村仁隆21號,明德水庫-魯冰花農莊位在苗栗，不僅是80年代經典電影魯冰花當年的拍攝地點，更坐擁水庫風光與客家風情的好景色。這裡除了提供露營車住宿，還有DIY窯烤披薩、福菜、農夫麵包的體驗，讓來到這邊露營的朋友也能有活動樂趣。如果想全程懶人遊也OK，農莊有簡餐跟合菜的選擇，讓你輕鬆露營還能吃飽喝足！,articles10.csv,懶人也能輕鬆玩！特搜全台8處「露營車」住宿　星空下烤肉太chill,2022年03月28日 16:10,1526,1097,2623
藍鵲渡假莊園,苗栗縣通霄鎮111號,想在遼闊的草原體驗露營樂趣，苗栗的藍鵲渡假莊園是不錯的選擇。這裡有莊園精心規劃的大草原，更有落羽松推桿區、森活Golf體驗、樂活野宴烤肉趣的活動體驗。除了特別的露營車住宿，也可以選擇入住小木屋、合掌村、免搭帳篷等方式露營。如果不想攜帶露營用具，也有提供用品租借，讓你的露營行程更加簡便輕鬆！,articles10.csv,懶人也能輕鬆玩！特搜全台8處「露營車」住宿　星空下烤肉太chill,2022年03月28日 16:10,1526,1097,2623
驛馬站,南投縣仁愛鄉仁和路224-3號,驛馬站座落於南投清境群山之中，讓前來露營的朋友可以一覽奇萊山、能高山等壯闊山景。此外，這裡也是以露營車為主的渡假園區，非常值得喜歡或想體驗露營車的朋友前來一遊。除了美景與露營車體驗，驛馬站也提供餐飲、接駁、日出行程等服務，有興趣都可以提前向他們預約，就能輕鬆來趟豐富的清境露營車之旅囉！,articles10.csv,懶人也能輕鬆玩！特搜全台8處「露營車」住宿　星空下烤肉太chill,2022年03月28日 16:10,1526,1097,2623
竹崎車棧度假村,嘉義縣竹崎鄉,位在嘉義的竹崎車棧度假村命名理念源自阿里山森林鐵道中的乙站，同時，這裡也因應天然的山谷地形，創建如阿里山姊妹潭與國家步道獨立山的景致，非常適合想體驗山間露營的朋友前往。,articles10.csv,懶人也能輕鬆玩！特搜全台8處「露營車」住宿　星空下烤肉太chill,2022年03月28日 16:10,1526,1097,2623
詩情花園度假村,嘉義縣中埔鄉1號,詩情花園度假村位在嘉義阿里山腳下，位置相當靜謐，更是全台擁有最多露營車的度假村。來到這裡，除了可以選擇多種不同風格的露營車入住，還可以享用度假村內獨家設計的美味餐飲。如果是全家大小或與三五好友一同前來，度假村也提供烤肉服務，更有各項精彩的園區活動，讓你輕鬆來玩也能玩得不亦樂乎！,articles10.csv,懶人也能輕鬆玩！特搜全台8處「露營車」住宿　星空下烤肉太chill,2022年03月28日 16:10,1526,1097,2623
墾丁後壁湖 露營車民宿,屏東縣恆春鎮核三廠南區展示館大門左側,被譽為度假勝地的屏東恆春，也是體驗露營車的好地方。墾丁後壁湖露營車民宿就在著名景點後壁湖漁港附近，園區占地約500坪相當廣闊，露營車設備完善齊全，讓你住得舒適又安心。來到這裡，除了能體驗露營車樂趣，每個露營車更有屬於自己的小庭院、洗手台與沖沙處，可以在附近玩完水回到露營車準備烤肉，並在晚上邊享用美食邊賞滿天星星！,articles10.csv,懶人也能輕鬆玩！特搜全台8處「露營車」住宿　星空下烤肉太chill,2022年03月28日 16:10,1526,1097,2623
GogoHome露營車,屏東縣滿州鄉萬得路32號,GogoHome露營車是屏東一處非常特別的露營車住宿景點，這裡的露營車皆是老闆親手打造而成，不僅能住得舒適更能感受到手作的溫暖。此外，這裡的位置靜謐，宛如置身一處隱世秘境，非常適合與另一半或幾個摯友一同前往，享受只屬於彼此的世界，在整片星空下烤烤肉、喝酒談心。,articles10.csv,懶人也能輕鬆玩！特搜全台8處「露營車」住宿　星空下烤肉太chill,2022年03月28日 16:10,1526,1097,2623
八海浬民宿,屏東縣琉球鄉行政路11號台灣 9 號,如果想在外島體驗露營車住宿樂趣，八海浬民宿是你不能錯過的好地方。這裡所有的房間都是露營車，更有老闆親自繪製的不同國家主題可以選擇，讓你入住在此更有度假風情。除了露營車住宿，八海浬也提供套裝行程的服務，從船票、機車、餐食、烤肉、潮間帶導覽、海底玻璃船或浮淺都幫你傳便便，讓你跟三五好友一卡皮箱就能來小琉球享受露營樂趣！,articles10.csv,懶人也能輕鬆玩！特搜全台8處「露營車」住宿　星空下烤肉太chill,2022年03月28日 16:10,1526,1097,2623
台南安平海潮 AP7 民宿,台南市安平區州平二街2－3號,台南安平海潮民宿，鄰近安平老街、安平古堡，距離市中心只有5公里，交通非常便利。踏進海潮AP7民宿，映入眼簾的公共空間設計得像是時尚酒吧，美式工業風的大廳與仿清水模的牆面，整體氛圍讓人十分愉悅。民宿共有5間雙人房及四人房，可提供10－22人包棟，一樓有時尚歡唱空間提供影音娛樂設備，麻將桌與廚房設備一應俱全，戶外可以烤肉享受歡聚美好時光，適合一家老少，好友死黨聚會歡樂的好場所。,articles11.csv,特搜台南6間市區包棟推薦！寧靜「樹舍」藏小天地、住別墅式Villa,2025年04月10日 15:00,1856,1139,2995
畃雨（尋雨）,台南市安平區金城里世平路180號,豪華電梯包棟民宿 – 畃雨，鄰近漁光島，是多寵友善民宿，樓下就有2個公園，有帶寵物的人散步超方便。1樓車庫搭電梯到3～5樓住宿空間，兩間四人房、兩間雙人房，可提供10－20人包棟，民宿設計採用大片落地窗，所以各個空間採光都很棒！在房間就能沐浴晨光、欣賞夕陽。房間外有麻將桌，頂樓還有簡易小廚房和專屬影音室包廂，隔音非常棒，大家盡情歡唱，也不用擔心會吵到別人，很適合愛唱歌的朋友。,articles11.csv,特搜台南6間市區包棟推薦！寧靜「樹舍」藏小天地、住別墅式Villa,2025年04月10日 15:00,1856,1139,2995
私所－Privacy,台南市大智街65號2樓,是一家現代簡約的韓系包棟民宿，提供20坪整層寬敞的空間，建議包棟人數為2至6人。整體空間以白色為主調，並加入淺色的木質元素，還有打卡必備的網美小角落，寬敞、明亮又寧靜，打造出極簡韓風，讓整個民宿呈現自然舒適的氛圍，讓旅客感受到家的舒適感。免費提供100吋超大投影幕、Netflix、藍牙音響，另外也有Switch租借服務，閨蜜小旅行、舉辦小型求婚驚喜、慶生派對都很適合。,articles11.csv,特搜台南6間市區包棟推薦！寧靜「樹舍」藏小天地、住別墅式Villa,2025年04月10日 15:00,1856,1139,2995
樹舍包棟民宿－公園館,台南市北區公園路487巷20號,城市中有樹的家，樹舍公園館是寵物友善的包棟民宿，位於寧靜的小巷中，鄰近小北夜市和花園夜市。追求自然的住宿風格，一樓庭院裡就有一棵小樹，客廳有架高的和式地板，適合三五成群的一起窩在角落曬太陽。大片的落地窗、木質傢俱，讓人感受自在的氛圍，在這可以暫時忘卻城市的喧囂。一次只接待一組客人，入住人數為4人～8人，兩層樓無電梯，共有一間雙人房、一間四人房，各有獨立衛浴設備，餐廳很大，足夠大夥聚在一起談天說地，這麼舒服溫馨的環境，就連花甲少年趣旅行都前往住宿錄製。,articles11.csv,特搜台南6間市區包棟推薦！寧靜「樹舍」藏小天地、住別墅式Villa,2025年04月10日 15:00,1856,1139,2995
明洞－The Cave,台南南區永華路一段233巷1號3樓,鄰近神農街與藍晒圖文創園區，在網路、IG有超高詢問度的明洞－The Cave，以韓國明洞為發想命名，整體以豪華質感純白系作為主軸，處處都充滿韓式風格，空間感寬敞不擁擠，獨特的空間設計，超大的網美同款浴缸，還有超美的白色拱門可以盡情擺拍，簡約自然，是一個舒適、放鬆的住宿選擇。30坪大空間，包棟人數為3～6人，提供120吋投影及豪華音響，可收看Netflix片源，也有免費的桌遊，就連逛街、購物、吃美食都超方便，很適合姊妹們的聚會。,articles11.csv,特搜台南6間市區包棟推薦！寧靜「樹舍」藏小天地、住別墅式Villa,2025年04月10日 15:00,1856,1139,2995
H Villa Inn 清水漾,台南市南區萬年二街61號,有特色的清水模建築，以日式的建築手法呈現極致工藝，搭配峇里島風格的Villa與私人露天泳池，H Villa Inn 清水漾屬於別墅式民宿，2人即可包棟，依房型最高可住到8人，如果需要入住的人數更多，可以選擇下訂多間房間。房間設計低調奢華，設備部分應有盡有，吧檯、餐廳、按摩浴缸、乾濕分離淋浴間，住宿也都附有免費的早餐，這裡遠離市中心的繁華熱鬧，可以享有私人的空間與度假時光，讓旅客可以在喧囂的城市中找到一片寧靜。,articles11.csv,特搜台南6間市區包棟推薦！寧靜「樹舍」藏小天地、住別墅式Villa,2025年04月10日 15:00,1856,1139,2995
蘊泉庄,新北市淡水區淡金路79巷18號,位於紅樹林台地的淡水「蘊泉庄」，是全台唯一全套房式溫泉飯店，搭輕軌即達十分方便。為讓親子族群有難忘回憶，去年10月業者打造了8間露營房，偌大空間放進帳篷、露營椅、露營燈，兼具露營的野趣，且不失星級溫泉飯店的舒適感。,articles12.csv,淡水溫泉飯店「30坪露營房」開箱！大啖火烤兩吃、木盒中西早餐,2025年05月6日 16:09,1405,110,1515
葉子秘境,南投縣埔里鎮種瓜路48之8號,位於南投埔里的「葉子秘境」住宿，佔地1.2萬坪坐擁廣闊的森林，每一個房型都擁有寬敞落地窗，讓人欣賞療癒森林；也有專屬的冷暖空調、衛浴空間，園區裡還規劃有野溪玩水區、戲水池，非常適合好友、親子一同玩耍，晚上還會點亮整座園區，超級浪漫！,articles13.csv,南投隱世秘境！偽露營Villa坐擁1.2萬坪森林　浪漫夜晚點亮整座園區,2025年04月26日 17:00,1253,126,1379
